--
-- PostgreSQL database dump
--

-- Dumped from database version 9.6.4
-- Dumped by pg_dump version 9.6.4

SET statement_timeout = 0;
SET lock_timeout = 0;
SET idle_in_transaction_session_timeout = 0;
SET client_encoding = 'UTF8';
SET standard_conforming_strings = on;
SET check_function_bodies = false;
SET client_min_messages = warning;
SET row_security = off;

--
-- Name: plpgsql; Type: EXTENSION; Schema: -; Owner: 
--

CREATE EXTENSION IF NOT EXISTS plpgsql WITH SCHEMA pg_catalog;


--
-- Name: EXTENSION plpgsql; Type: COMMENT; Schema: -; Owner: 
--

COMMENT ON EXTENSION plpgsql IS 'PL/pgSQL procedural language';


SET search_path = public, pg_catalog;

SET default_tablespace = '';

SET default_with_oids = false;

--
-- Name: auth_group; Type: TABLE; Schema: public; Owner: django
--

CREATE TABLE auth_group (
    id integer NOT NULL,
    name character varying(80) NOT NULL
);


ALTER TABLE auth_group OWNER TO django;

--
-- Name: auth_group_id_seq; Type: SEQUENCE; Schema: public; Owner: django
--

CREATE SEQUENCE auth_group_id_seq
    START WITH 1
    INCREMENT BY 1
    NO MINVALUE
    NO MAXVALUE
    CACHE 1;


ALTER TABLE auth_group_id_seq OWNER TO django;

--
-- Name: auth_group_id_seq; Type: SEQUENCE OWNED BY; Schema: public; Owner: django
--

ALTER SEQUENCE auth_group_id_seq OWNED BY auth_group.id;


--
-- Name: auth_group_permissions; Type: TABLE; Schema: public; Owner: django
--

CREATE TABLE auth_group_permissions (
    id integer NOT NULL,
    group_id integer NOT NULL,
    permission_id integer NOT NULL
);


ALTER TABLE auth_group_permissions OWNER TO django;

--
-- Name: auth_group_permissions_id_seq; Type: SEQUENCE; Schema: public; Owner: django
--

CREATE SEQUENCE auth_group_permissions_id_seq
    START WITH 1
    INCREMENT BY 1
    NO MINVALUE
    NO MAXVALUE
    CACHE 1;


ALTER TABLE auth_group_permissions_id_seq OWNER TO django;

--
-- Name: auth_group_permissions_id_seq; Type: SEQUENCE OWNED BY; Schema: public; Owner: django
--

ALTER SEQUENCE auth_group_permissions_id_seq OWNED BY auth_group_permissions.id;


--
-- Name: auth_permission; Type: TABLE; Schema: public; Owner: django
--

CREATE TABLE auth_permission (
    id integer NOT NULL,
    name character varying(255) NOT NULL,
    content_type_id integer NOT NULL,
    codename character varying(100) NOT NULL
);


ALTER TABLE auth_permission OWNER TO django;

--
-- Name: auth_permission_id_seq; Type: SEQUENCE; Schema: public; Owner: django
--

CREATE SEQUENCE auth_permission_id_seq
    START WITH 1
    INCREMENT BY 1
    NO MINVALUE
    NO MAXVALUE
    CACHE 1;


ALTER TABLE auth_permission_id_seq OWNER TO django;

--
-- Name: auth_permission_id_seq; Type: SEQUENCE OWNED BY; Schema: public; Owner: django
--

ALTER SEQUENCE auth_permission_id_seq OWNED BY auth_permission.id;


--
-- Name: auth_user; Type: TABLE; Schema: public; Owner: django
--

CREATE TABLE auth_user (
    id integer NOT NULL,
    password character varying(128) NOT NULL,
    last_login timestamp with time zone,
    is_superuser boolean NOT NULL,
    username character varying(150) NOT NULL,
    first_name character varying(30) NOT NULL,
    last_name character varying(30) NOT NULL,
    email character varying(254) NOT NULL,
    is_staff boolean NOT NULL,
    is_active boolean NOT NULL,
    date_joined timestamp with time zone NOT NULL
);


ALTER TABLE auth_user OWNER TO django;

--
-- Name: auth_user_groups; Type: TABLE; Schema: public; Owner: django
--

CREATE TABLE auth_user_groups (
    id integer NOT NULL,
    user_id integer NOT NULL,
    group_id integer NOT NULL
);


ALTER TABLE auth_user_groups OWNER TO django;

--
-- Name: auth_user_groups_id_seq; Type: SEQUENCE; Schema: public; Owner: django
--

CREATE SEQUENCE auth_user_groups_id_seq
    START WITH 1
    INCREMENT BY 1
    NO MINVALUE
    NO MAXVALUE
    CACHE 1;


ALTER TABLE auth_user_groups_id_seq OWNER TO django;

--
-- Name: auth_user_groups_id_seq; Type: SEQUENCE OWNED BY; Schema: public; Owner: django
--

ALTER SEQUENCE auth_user_groups_id_seq OWNED BY auth_user_groups.id;


--
-- Name: auth_user_id_seq; Type: SEQUENCE; Schema: public; Owner: django
--

CREATE SEQUENCE auth_user_id_seq
    START WITH 1
    INCREMENT BY 1
    NO MINVALUE
    NO MAXVALUE
    CACHE 1;


ALTER TABLE auth_user_id_seq OWNER TO django;

--
-- Name: auth_user_id_seq; Type: SEQUENCE OWNED BY; Schema: public; Owner: django
--

ALTER SEQUENCE auth_user_id_seq OWNED BY auth_user.id;


--
-- Name: auth_user_user_permissions; Type: TABLE; Schema: public; Owner: django
--

CREATE TABLE auth_user_user_permissions (
    id integer NOT NULL,
    user_id integer NOT NULL,
    permission_id integer NOT NULL
);


ALTER TABLE auth_user_user_permissions OWNER TO django;

--
-- Name: auth_user_user_permissions_id_seq; Type: SEQUENCE; Schema: public; Owner: django
--

CREATE SEQUENCE auth_user_user_permissions_id_seq
    START WITH 1
    INCREMENT BY 1
    NO MINVALUE
    NO MAXVALUE
    CACHE 1;


ALTER TABLE auth_user_user_permissions_id_seq OWNER TO django;

--
-- Name: auth_user_user_permissions_id_seq; Type: SEQUENCE OWNED BY; Schema: public; Owner: django
--

ALTER SEQUENCE auth_user_user_permissions_id_seq OWNED BY auth_user_user_permissions.id;


--
-- Name: django_admin_log; Type: TABLE; Schema: public; Owner: django
--

CREATE TABLE django_admin_log (
    id integer NOT NULL,
    action_time timestamp with time zone NOT NULL,
    object_id text,
    object_repr character varying(200) NOT NULL,
    action_flag smallint NOT NULL,
    change_message text NOT NULL,
    content_type_id integer,
    user_id integer NOT NULL,
    CONSTRAINT django_admin_log_action_flag_check CHECK ((action_flag >= 0))
);


ALTER TABLE django_admin_log OWNER TO django;

--
-- Name: django_admin_log_id_seq; Type: SEQUENCE; Schema: public; Owner: django
--

CREATE SEQUENCE django_admin_log_id_seq
    START WITH 1
    INCREMENT BY 1
    NO MINVALUE
    NO MAXVALUE
    CACHE 1;


ALTER TABLE django_admin_log_id_seq OWNER TO django;

--
-- Name: django_admin_log_id_seq; Type: SEQUENCE OWNED BY; Schema: public; Owner: django
--

ALTER SEQUENCE django_admin_log_id_seq OWNED BY django_admin_log.id;


--
-- Name: django_content_type; Type: TABLE; Schema: public; Owner: django
--

CREATE TABLE django_content_type (
    id integer NOT NULL,
    app_label character varying(100) NOT NULL,
    model character varying(100) NOT NULL
);


ALTER TABLE django_content_type OWNER TO django;

--
-- Name: django_content_type_id_seq; Type: SEQUENCE; Schema: public; Owner: django
--

CREATE SEQUENCE django_content_type_id_seq
    START WITH 1
    INCREMENT BY 1
    NO MINVALUE
    NO MAXVALUE
    CACHE 1;


ALTER TABLE django_content_type_id_seq OWNER TO django;

--
-- Name: django_content_type_id_seq; Type: SEQUENCE OWNED BY; Schema: public; Owner: django
--

ALTER SEQUENCE django_content_type_id_seq OWNED BY django_content_type.id;


--
-- Name: django_migrations; Type: TABLE; Schema: public; Owner: django
--

CREATE TABLE django_migrations (
    id integer NOT NULL,
    app character varying(255) NOT NULL,
    name character varying(255) NOT NULL,
    applied timestamp with time zone NOT NULL
);


ALTER TABLE django_migrations OWNER TO django;

--
-- Name: django_migrations_id_seq; Type: SEQUENCE; Schema: public; Owner: django
--

CREATE SEQUENCE django_migrations_id_seq
    START WITH 1
    INCREMENT BY 1
    NO MINVALUE
    NO MAXVALUE
    CACHE 1;


ALTER TABLE django_migrations_id_seq OWNER TO django;

--
-- Name: django_migrations_id_seq; Type: SEQUENCE OWNED BY; Schema: public; Owner: django
--

ALTER SEQUENCE django_migrations_id_seq OWNED BY django_migrations.id;


--
-- Name: django_session; Type: TABLE; Schema: public; Owner: django
--

CREATE TABLE django_session (
    session_key character varying(40) NOT NULL,
    session_data text NOT NULL,
    expire_date timestamp with time zone NOT NULL
);


ALTER TABLE django_session OWNER TO django;

--
-- Name: tomatos_tomato; Type: TABLE; Schema: public; Owner: django
--

CREATE TABLE tomatos_tomato (
    id integer NOT NULL,
    name character varying,
    description character varying,
    image character varying
);


ALTER TABLE tomatos_tomato OWNER TO django;

--
-- Name: tomatos_tomato_colors; Type: TABLE; Schema: public; Owner: django
--

CREATE TABLE tomatos_tomato_colors (
    id integer NOT NULL,
    tomato_id integer,
    tomatocolor_id integer
);


ALTER TABLE tomatos_tomato_colors OWNER TO django;

--
-- Name: tomatos_tomato_colors_id_seq; Type: SEQUENCE; Schema: public; Owner: django
--

CREATE SEQUENCE tomatos_tomato_colors_id_seq
    START WITH 1
    INCREMENT BY 1
    NO MINVALUE
    NO MAXVALUE
    CACHE 1;


ALTER TABLE tomatos_tomato_colors_id_seq OWNER TO django;

--
-- Name: tomatos_tomato_colors_id_seq; Type: SEQUENCE OWNED BY; Schema: public; Owner: django
--

ALTER SEQUENCE tomatos_tomato_colors_id_seq OWNED BY tomatos_tomato_colors.id;


--
-- Name: tomatos_tomato_id_seq; Type: SEQUENCE; Schema: public; Owner: django
--

CREATE SEQUENCE tomatos_tomato_id_seq
    START WITH 1
    INCREMENT BY 1
    NO MINVALUE
    NO MAXVALUE
    CACHE 1;


ALTER TABLE tomatos_tomato_id_seq OWNER TO django;

--
-- Name: tomatos_tomato_id_seq; Type: SEQUENCE OWNED BY; Schema: public; Owner: django
--

ALTER SEQUENCE tomatos_tomato_id_seq OWNED BY tomatos_tomato.id;


--
-- Name: tomatos_tomato_types; Type: TABLE; Schema: public; Owner: django
--

CREATE TABLE tomatos_tomato_types (
    id integer NOT NULL,
    tomato_id integer,
    tomatotype_id integer
);


ALTER TABLE tomatos_tomato_types OWNER TO django;

--
-- Name: tomatos_tomato_types_id_seq; Type: SEQUENCE; Schema: public; Owner: django
--

CREATE SEQUENCE tomatos_tomato_types_id_seq
    START WITH 1
    INCREMENT BY 1
    NO MINVALUE
    NO MAXVALUE
    CACHE 1;


ALTER TABLE tomatos_tomato_types_id_seq OWNER TO django;

--
-- Name: tomatos_tomato_types_id_seq; Type: SEQUENCE OWNED BY; Schema: public; Owner: django
--

ALTER SEQUENCE tomatos_tomato_types_id_seq OWNED BY tomatos_tomato_types.id;


--
-- Name: tomatos_tomatocolor; Type: TABLE; Schema: public; Owner: django
--

CREATE TABLE tomatos_tomatocolor (
    id integer NOT NULL,
    name character varying
);


ALTER TABLE tomatos_tomatocolor OWNER TO django;

--
-- Name: tomatos_tomatocolor_id_seq; Type: SEQUENCE; Schema: public; Owner: django
--

CREATE SEQUENCE tomatos_tomatocolor_id_seq
    START WITH 1
    INCREMENT BY 1
    NO MINVALUE
    NO MAXVALUE
    CACHE 1;


ALTER TABLE tomatos_tomatocolor_id_seq OWNER TO django;

--
-- Name: tomatos_tomatocolor_id_seq; Type: SEQUENCE OWNED BY; Schema: public; Owner: django
--

ALTER SEQUENCE tomatos_tomatocolor_id_seq OWNED BY tomatos_tomatocolor.id;


--
-- Name: tomatos_tomatotype; Type: TABLE; Schema: public; Owner: django
--

CREATE TABLE tomatos_tomatotype (
    id integer NOT NULL,
    name character varying
);


ALTER TABLE tomatos_tomatotype OWNER TO django;

--
-- Name: tomatos_tomatotype_id_seq; Type: SEQUENCE; Schema: public; Owner: django
--

CREATE SEQUENCE tomatos_tomatotype_id_seq
    START WITH 1
    INCREMENT BY 1
    NO MINVALUE
    NO MAXVALUE
    CACHE 1;


ALTER TABLE tomatos_tomatotype_id_seq OWNER TO django;

--
-- Name: tomatos_tomatotype_id_seq; Type: SEQUENCE OWNED BY; Schema: public; Owner: django
--

ALTER SEQUENCE tomatos_tomatotype_id_seq OWNED BY tomatos_tomatotype.id;


--
-- Name: auth_group id; Type: DEFAULT; Schema: public; Owner: django
--

ALTER TABLE ONLY auth_group ALTER COLUMN id SET DEFAULT nextval('auth_group_id_seq'::regclass);


--
-- Name: auth_group_permissions id; Type: DEFAULT; Schema: public; Owner: django
--

ALTER TABLE ONLY auth_group_permissions ALTER COLUMN id SET DEFAULT nextval('auth_group_permissions_id_seq'::regclass);


--
-- Name: auth_permission id; Type: DEFAULT; Schema: public; Owner: django
--

ALTER TABLE ONLY auth_permission ALTER COLUMN id SET DEFAULT nextval('auth_permission_id_seq'::regclass);


--
-- Name: auth_user id; Type: DEFAULT; Schema: public; Owner: django
--

ALTER TABLE ONLY auth_user ALTER COLUMN id SET DEFAULT nextval('auth_user_id_seq'::regclass);


--
-- Name: auth_user_groups id; Type: DEFAULT; Schema: public; Owner: django
--

ALTER TABLE ONLY auth_user_groups ALTER COLUMN id SET DEFAULT nextval('auth_user_groups_id_seq'::regclass);


--
-- Name: auth_user_user_permissions id; Type: DEFAULT; Schema: public; Owner: django
--

ALTER TABLE ONLY auth_user_user_permissions ALTER COLUMN id SET DEFAULT nextval('auth_user_user_permissions_id_seq'::regclass);


--
-- Name: django_admin_log id; Type: DEFAULT; Schema: public; Owner: django
--

ALTER TABLE ONLY django_admin_log ALTER COLUMN id SET DEFAULT nextval('django_admin_log_id_seq'::regclass);


--
-- Name: django_content_type id; Type: DEFAULT; Schema: public; Owner: django
--

ALTER TABLE ONLY django_content_type ALTER COLUMN id SET DEFAULT nextval('django_content_type_id_seq'::regclass);


--
-- Name: django_migrations id; Type: DEFAULT; Schema: public; Owner: django
--

ALTER TABLE ONLY django_migrations ALTER COLUMN id SET DEFAULT nextval('django_migrations_id_seq'::regclass);


--
-- Name: tomatos_tomato id; Type: DEFAULT; Schema: public; Owner: django
--

ALTER TABLE ONLY tomatos_tomato ALTER COLUMN id SET DEFAULT nextval('tomatos_tomato_id_seq'::regclass);


--
-- Name: tomatos_tomato_colors id; Type: DEFAULT; Schema: public; Owner: django
--

ALTER TABLE ONLY tomatos_tomato_colors ALTER COLUMN id SET DEFAULT nextval('tomatos_tomato_colors_id_seq'::regclass);


--
-- Name: tomatos_tomato_types id; Type: DEFAULT; Schema: public; Owner: django
--

ALTER TABLE ONLY tomatos_tomato_types ALTER COLUMN id SET DEFAULT nextval('tomatos_tomato_types_id_seq'::regclass);


--
-- Name: tomatos_tomatocolor id; Type: DEFAULT; Schema: public; Owner: django
--

ALTER TABLE ONLY tomatos_tomatocolor ALTER COLUMN id SET DEFAULT nextval('tomatos_tomatocolor_id_seq'::regclass);


--
-- Name: tomatos_tomatotype id; Type: DEFAULT; Schema: public; Owner: django
--

ALTER TABLE ONLY tomatos_tomatotype ALTER COLUMN id SET DEFAULT nextval('tomatos_tomatotype_id_seq'::regclass);


--
-- Data for Name: auth_group; Type: TABLE DATA; Schema: public; Owner: django
--

COPY auth_group (id, name) FROM stdin;
\.


--
-- Name: auth_group_id_seq; Type: SEQUENCE SET; Schema: public; Owner: django
--

SELECT pg_catalog.setval('auth_group_id_seq', 1, false);


--
-- Data for Name: auth_group_permissions; Type: TABLE DATA; Schema: public; Owner: django
--

COPY auth_group_permissions (id, group_id, permission_id) FROM stdin;
\.


--
-- Name: auth_group_permissions_id_seq; Type: SEQUENCE SET; Schema: public; Owner: django
--

SELECT pg_catalog.setval('auth_group_permissions_id_seq', 1, false);


--
-- Data for Name: auth_permission; Type: TABLE DATA; Schema: public; Owner: django
--

COPY auth_permission (id, name, content_type_id, codename) FROM stdin;
1	Can add log entry	1	add_logentry
2	Can change log entry	1	change_logentry
3	Can delete log entry	1	delete_logentry
4	Can add permission	2	add_permission
5	Can change permission	2	change_permission
6	Can delete permission	2	delete_permission
7	Can add user	3	add_user
8	Can change user	3	change_user
9	Can delete user	3	delete_user
10	Can add group	4	add_group
11	Can change group	4	change_group
12	Can delete group	4	delete_group
13	Can add content type	5	add_contenttype
14	Can change content type	5	change_contenttype
15	Can delete content type	5	delete_contenttype
16	Can add session	6	add_session
17	Can change session	6	change_session
18	Can delete session	6	delete_session
19	Can add tomato	7	add_tomato
20	Can change tomato	7	change_tomato
21	Can delete tomato	7	delete_tomato
22	Can add tomato color	8	add_tomatocolor
23	Can change tomato color	8	change_tomatocolor
24	Can delete tomato color	8	delete_tomatocolor
25	Can add tomato type	9	add_tomatotype
26	Can change tomato type	9	change_tomatotype
27	Can delete tomato type	9	delete_tomatotype
\.


--
-- Name: auth_permission_id_seq; Type: SEQUENCE SET; Schema: public; Owner: django
--

SELECT pg_catalog.setval('auth_permission_id_seq', 27, true);


--
-- Data for Name: auth_user; Type: TABLE DATA; Schema: public; Owner: django
--

COPY auth_user (id, password, last_login, is_superuser, username, first_name, last_name, email, is_staff, is_active, date_joined) FROM stdin;
1	pbkdf2_sha256$36000$QKU7ySha2Zkm$6pEVMrtPZnDH2nuxnS/zCPi0fuvZsZhumkSi+ss5ZVE=	2017-09-11 22:58:48.705774+00	t	admin			admin@cumbubble.org	t	t	2017-09-11 13:30:52.143662+00
\.


--
-- Data for Name: auth_user_groups; Type: TABLE DATA; Schema: public; Owner: django
--

COPY auth_user_groups (id, user_id, group_id) FROM stdin;
\.


--
-- Name: auth_user_groups_id_seq; Type: SEQUENCE SET; Schema: public; Owner: django
--

SELECT pg_catalog.setval('auth_user_groups_id_seq', 1, false);


--
-- Name: auth_user_id_seq; Type: SEQUENCE SET; Schema: public; Owner: django
--

SELECT pg_catalog.setval('auth_user_id_seq', 1, true);


--
-- Data for Name: auth_user_user_permissions; Type: TABLE DATA; Schema: public; Owner: django
--

COPY auth_user_user_permissions (id, user_id, permission_id) FROM stdin;
\.


--
-- Name: auth_user_user_permissions_id_seq; Type: SEQUENCE SET; Schema: public; Owner: django
--

SELECT pg_catalog.setval('auth_user_user_permissions_id_seq', 1, false);


--
-- Data for Name: django_admin_log; Type: TABLE DATA; Schema: public; Owner: django
--

COPY django_admin_log (id, action_time, object_id, object_repr, action_flag, change_message, content_type_id, user_id) FROM stdin;
1	2017-09-11 13:37:36.56966+00	1	TomatoType object	1	[{"added": {}}]	9	1
2	2017-09-11 13:37:55.920094+00	1	TomatoColor object	1	[{"added": {}}]	8	1
3	2017-09-11 13:41:59.539963+00	1	Albertovske Gelb	1	[{"added": {}}]	7	1
4	2017-09-11 13:50:33.795209+00	2	rot	1	[{"added": {}}]	8	1
5	2017-09-11 13:50:39.3041+00	3	weiß	1	[{"added": {}}]	8	1
6	2017-09-11 13:53:57.325251+00	2	Alberta Girl	1	[{"added": {}}]	7	1
7	2017-09-11 13:56:26.186896+00	2	Alberta Girl	3		7	1
8	2017-09-11 13:57:37.080884+00	3	Alberta Girl	1	[{"added": {}}]	7	1
9	2017-09-11 14:38:02.207639+00	1	Albertovske Gelb	3		7	1
10	2017-09-11 14:50:11.362197+00	4	Albertovske Gelb	1	[{"added": {}}]	7	1
11	2017-09-11 14:52:15.450727+00	4	Albertovske Gelb	2	[{"changed": {"fields": ["image"]}}]	7	1
12	2017-09-11 15:00:58.773927+00	4	Albertovske Gelb	2	[]	7	1
13	2017-09-11 23:00:16.259974+00	10	Ananas Noire	2	[{"changed": {"fields": ["image"]}}]	7	1
14	2017-09-11 23:00:41.695993+00	142	Tschio Tschio San	2	[{"changed": {"fields": ["image"]}}]	7	1
\.


--
-- Name: django_admin_log_id_seq; Type: SEQUENCE SET; Schema: public; Owner: django
--

SELECT pg_catalog.setval('django_admin_log_id_seq', 14, true);


--
-- Data for Name: django_content_type; Type: TABLE DATA; Schema: public; Owner: django
--

COPY django_content_type (id, app_label, model) FROM stdin;
1	admin	logentry
2	auth	permission
3	auth	user
4	auth	group
5	contenttypes	contenttype
6	sessions	session
7	tomatos	tomato
8	tomatos	tomatocolor
9	tomatos	tomatotype
\.


--
-- Name: django_content_type_id_seq; Type: SEQUENCE SET; Schema: public; Owner: django
--

SELECT pg_catalog.setval('django_content_type_id_seq', 9, true);


--
-- Data for Name: django_migrations; Type: TABLE DATA; Schema: public; Owner: django
--

COPY django_migrations (id, app, name, applied) FROM stdin;
1	contenttypes	0001_initial	2017-09-11 13:09:11.367665+00
2	auth	0001_initial	2017-09-11 13:09:12.414687+00
3	admin	0001_initial	2017-09-11 13:09:12.646206+00
4	admin	0002_logentry_remove_auto_add	2017-09-11 13:09:12.703954+00
5	contenttypes	0002_remove_content_type_name	2017-09-11 13:09:12.745061+00
6	auth	0002_alter_permission_name_max_length	2017-09-11 13:09:12.806629+00
7	auth	0003_alter_user_email_max_length	2017-09-11 13:09:12.844127+00
8	auth	0004_alter_user_username_opts	2017-09-11 13:09:12.862657+00
9	auth	0005_alter_user_last_login_null	2017-09-11 13:09:12.885636+00
10	auth	0006_require_contenttypes_0002	2017-09-11 13:09:12.89449+00
11	auth	0007_alter_validators_add_error_messages	2017-09-11 13:09:12.915098+00
12	auth	0008_alter_user_username_max_length	2017-09-11 13:09:13.002474+00
13	sessions	0001_initial	2017-09-11 13:09:13.176125+00
14	tomatos	0001_initial	2017-09-11 13:12:09.2208+00
15	tomatos	0002_auto_20170911_1521	2017-09-11 13:23:26.402718+00
16	tomatos	0003_auto_20170911_1548	2017-09-11 13:48:30.843736+00
17	tomatos	0004_auto_20170911_1553	2017-09-11 13:53:47.46874+00
\.


--
-- Name: django_migrations_id_seq; Type: SEQUENCE SET; Schema: public; Owner: django
--

SELECT pg_catalog.setval('django_migrations_id_seq', 17, true);


--
-- Data for Name: django_session; Type: TABLE DATA; Schema: public; Owner: django
--

COPY django_session (session_key, session_data, expire_date) FROM stdin;
lum3ax0r29evmcl8h1h3yxztauy10y7p	ZThmZmVhMTgyYTEwMzk1ZTc0OTQ5N2JiNjVlODMyZDYxNjUzNmYxYjp7Il9hdXRoX3VzZXJfaWQiOiIxIiwiX2F1dGhfdXNlcl9oYXNoIjoiMTE2OTg2ZTgzNDM1ZjlkM2NlZTZjOWM1ODEyOTAwNjZhNjBiZTM5ZCIsIl9hdXRoX3VzZXJfYmFja2VuZCI6ImRqYW5nby5jb250cmliLmF1dGguYmFja2VuZHMuTW9kZWxCYWNrZW5kIn0=	2017-09-25 13:32:02.706868+00
h8pdks3vd09dvc8c96z3iafem9ly3qyt	ZThmZmVhMTgyYTEwMzk1ZTc0OTQ5N2JiNjVlODMyZDYxNjUzNmYxYjp7Il9hdXRoX3VzZXJfaWQiOiIxIiwiX2F1dGhfdXNlcl9oYXNoIjoiMTE2OTg2ZTgzNDM1ZjlkM2NlZTZjOWM1ODEyOTAwNjZhNjBiZTM5ZCIsIl9hdXRoX3VzZXJfYmFja2VuZCI6ImRqYW5nby5jb250cmliLmF1dGguYmFja2VuZHMuTW9kZWxCYWNrZW5kIn0=	2017-09-25 22:58:48.714318+00
\.


--
-- Data for Name: tomatos_tomato; Type: TABLE DATA; Schema: public; Owner: django
--

COPY tomatos_tomato (id, name, description, image) FROM stdin;
1110	Alberta Girl	Stabtomate - Eine Tomatenpflanze mit höchst ungewöhnlichen, beflaumten, runden und dunkelroten Früchten. Auch die Pflanze ist komplett weiß-silbrig behaart. Gesunder Wuchs, aber nur für überdachte Standorte geeignet.	
1111	Albertovske Gelb	Stabtomate - Eine schöne, rein gelbe Stabtomate von gesundem Wuchs. Etwas fleischig, mild im Geschmack. Aus Tschechien.	images/Albertovske_gelb.jpg
1112	Alyi Mustang	Flaschenförmige, sehr schmal, eiförmige, paprikaförmige, lachsrosa bis rot gefärbte Tomate. Herkunft: Russland.	images/Alij_Mustang.jpg
1113	Amana Orange	Stabtomate - Große, gelborange Fleischtomate von ca. 10 cm Durchmesser. Saftig und aromatisch. 	images/Amana_Orange.jpg
1114	Amana Rot	Stabtomate - Große, dunkelrote Fleischtomate von ca. 10 cm Durchmesser. Geschmack: Saftig und aromatisch. 	
1115	Amerikanische, Wildtomate	Stabtomate - Kleinfruchtige Wildtomate mit kugelrunden, roten Früchten von gerade mal 6 Gramm. Sehr Einheitlich in Form und Farbe, nahezu alle Früchte um 16 mm im Durchmesser. Etwa 8 Früchte sitzen eng an eng in kleinen und dichten Trauben. Spalieranbau sinnvoll.	images/Amerikanische_Wildtomate.jpg
1116	Amish Gold	Stabtomate - Ovalfruchtige, hoch wachsende Stabtomate mit orange-farbenen, pflaumenförmigen Früchten. Geschmack: Die Frucht schmeckt sehr gut.	images/Amish_Gold.jpg
1117	Amish Salad	Stabtomate - Große, ovale Stab-Obsttomate mit pinkfarbenen Früchten. Gut für Salate geeignet.	images/Amish_Salad.jpg
1118	Ananas	Stabtomate - Hohe Wärmeansprüche, für Hauswand, Tomatenkasten und Gewächshaus! Rote bis orangefarbene, geflammte, oft sehr schwere, kartoffelblättrige Stab-Fleischtomate. Sehr alte Sorte und extrem fleischig. Nur für   und warme Lagen oder unter Glas. Vielkammerig. Das Fruchtfleisch ist gelb-orange marmoriert und enthält wenig Samen. Sie wird hauptsächlich in  verwendet.	images/Ananas.jpg
1119	Ananas Noire	Stabtomate - Große Fleischtomate mit dunkelroten und grünen Farbtönen, die von gelben Streifen durchzogen sind. Innen grünlich mit roter Marmorierung. Würzig im Geschmack.	
1120	Andenhorn	Stabtomate - Kuriose Stabtomate mit roten spitz-paprikaförmigen Früchten, die eine lange ausgezogene Spitze haben. Bis 14 cm lang und 4 bis 5 cm Durchmesser. Sehr interessante Fruchtform. Mittelrot. Hoher aber später Ertrag bei Wärme. Im Freiland kein guter Ertrag.	images/Andenhoernchen.jpg
1121	Anna German	Stabtomate - (Anna Hermann) Nach polnischer Sängerin benannte osteuropäische Sorte. Wunderschöne, zitronenförmige und zitronengelbe Frucht. Größere Früchte sind eher Herzförmig (mit Spitze). Durchmesser ca.6 cm, 2- bis 3- kammerig, platzfest, oft hohl, spät reifend. Geschmack: milder Geschmack.\r\n \r\n Ertrag: Sehr guter Ertrag an warmen vollsonnigen Standort. Auch für die Kultur im Gewächshaus geeignet.	images/Anna_German.jpg
1122	Antho Weiss	Stabtomate - Eine Stabtomate mit weißcreme bis cremegelbe mit brauner Schipperung am Fruchtansatz kleinen etwa 2 bis 2,5cm großen Früchten. Sie sind rund bis leicht abgeflacht. Anbau: Spalieranbau sinnvoll.	images/Antho_Weiss.jpg
1123	Aranica Zloty Ozarowski	Stabtomate - Eine normal große Sorte, bei deren Anblick einem die Sonne im Herzen aufgeht. Fast runde leuchtend orange Früchte, welche mittelfrüh und reich tragen. Das Aroma ist sehr intensiv.	images/Arancia_Zlaty.jpg
1124	Aucuba	Stabtomate - Orangegelbe Fleischtomate aus Italien, mittelgroß, ertragreich, aromatisch. Platte Früchte, verschieden in der Größe, doch alle sehr schön gefärbt. Mehr oder weniger stark gerippt. Innen toll orange gefärbt mit sternförmig angeordneten Fruchtkammern. Äußerst dicke Fruchtwand. Meist um 100 g, doch auch schwerere Früchte kommen vor. Mild-süß im Geschmack, wenig Säure. Für Magenempfindliche Leute geeignet. Wirkt toll in Salaten mit gelben und roten Sorten.	images/Aucuba.jpg
1125	Aunt Ruby´s German Green	Stabtomate - Wüchsige, grüngelbe, etwa 2 m hohe, kartoffelblättrige Stab-Fleischtomate mit etwas platten und leicht gerippten, mittelgroßen, z. T. auch riesigen Früchten, deren Größe zwischen 5 und 15 cm schwankt. Das Gewicht liegt in der Regel zwischen 200 g und 300 g. Fruchtfleisch innen manchmal mit rosa Streifen durchzogen. Reif ist die Frucht eher orangegrün und an den Rippen oft dunkelorange gestreift. Alte wohlschmeckende Gartensorte für 	images/Aunt_Ruby_German_Green.jpg
1126	Aunt Ruby´s German Yellow	Stabtomate - Wüchsige, gelbe, etwa 2 m hohe, kartoffelblättrige Stab-Fleischtomate mit etwas platten und leicht gerippten, mittelgroßen, z. T. auch riesigen Früchten, deren Größe zwischen 5 und 15 cm schwankt. Das Gewicht liegt in der Regel zwischen 200 g und 300 g. Fruchtfleisch innen manchmal mit rosa Streifen durchzogen. Reif ist die Frucht eher gelborange und an den Rippen oft gelborange gestreift. Alte wohlschmeckende Gartensorte für warme Standorte.	images/Aunt_Rubys_German_Yellow.jpg
1127	Aurantiacum Wildtomate	Stabtomate - Ertragreiche Wildtomate mit nicht ganz kirschgroßen, dottergelben Früchten, die in Trauben mit teils mehr als 100 Früchten reifen. Die eiförmigen Früchte sind knackig und saftig. Sie wiegen etwa 5 g bis 7 g und können sehr lange hängen bleiben ohne zu faulen und ohne zu schrumpeln. Insofern ist auch die Ernte ganzer Trauben möglich. Auch die gute Platzfestigkeit macht dies möglich. Gut widerstandsfähig gegen Braunfäule.	
1128	Azoychka Orange	Stabtomate - Sehr hoch wachsende (2,5 - 2,7 m), gelborange Fleischtomate.  Unregelmäßig geformte, platte Früchte mit vielen Fruchtkammern 2 - 3 Früchte je Wickel. Kartoffelblättrig. Süß und wohlschmeckend. Alte russische Sorte, die aber oft erst ab 80 cm Höhe Früchte ansetzt.	images/Azoychka_Orange.jpg
1129	Azoychka Red	Stabtomate - Sehr hoch wachsende (2,5 - 2,7 m), rote Fleischtomate. Unregelmäßig geformte, platte Früchte mit vielen Fruchtkammern 2-3 Früchte je Wickel. Kartoffelblättrig. Alte russische Sorte, die aber oft erst ab 80 cm Höhe Früchte ansetzt. Süß und wohlschmeckend.	images/Azoychka.jpg
1130	Babuschka	Stabtomate - Große, dunkelrosa Fleischtomate. Voll durchfärbt und gut tragend. Gutes Säure-Zucker-Verhältnis. Dickfleischige, samenreiche Früchte. Mehrkammerig. Sehr aromatisch. Gewicht zwischen 250 und 400 Gramm.	images/Babuschka.jpg
1131	Bahia	Stabtomate - Mittelhohe Stabtomate mit plattrunder, weinroter Frucht, oft mit dunkler Kappe und einigen Rippen. Gesunde Pflanze, die fleißig trägt. Mehrere Fruchtkammern. Sehr guter mild-süßer Geschmack. Trägt ab Mitte August. Von Agroceres, Brasilien.	images/Bahia.jpg
1132	Banan	Stabtomate - Sehr frühreif mit schönen, länglichen, roten Früchten bis 70 Gramm. Eher walzenförmig, meist mit stumpfer Spitze. Ketschup-Typ.	images/Banan.jpg
1249	Grandma Olivers Green	Stabtomate - Grüne Stab-Fleischtomate, die bei Vollreife einen gelb-ockerfarbenen Anflug bekommt. Sehr fleischige, platte, mittelgroße bis große Frucht mit großer Plazenta und mit mehreren Fruchtkammern. Mild-süß. Kräftige Pflanze, die aber warm und trocken stehen sollte.	images/Grandma_Olivers_Green.jpg
1133	Banana Legs	Stabtomate - (Banana Legs Large Yellow) Längliche, gelbe Früchte mit 2 bis 3cm Durchmesser. Jede Frucht wiegt etwa 30 bis 60 Gramm, selten mehr.  ! Früchte ähneln Mini-Bananen, sind aber nicht gebogen. Ertragreich in warmer Lage, sonst nur mäßige Ernte, doch äußerst dekorativ. Mittelhohe Pflanze. Platzfest. 2 Fruchtkammern. Festfleischig. 5 bis 6 Früchte je Traube. Erntebeginn: August. Herkunft: Australien	images/Banana_Legs.jpg
1134	Bawole Serce	Stabtomate - Polnische Sorte. Eine mittelhohe bis hohe Stabtomate mit rosarot bis pinkfarbenen Fleischtomate. Die Früchte sind dicklich oval, leichte Rippung am Fruchtansatz, neigen zu Grünkragen, platzen leicht aber vernarben sehr gut.	images/Bawole_Serce.jpg
1135	Behaarte Brandywine	, Ampeltomate - Mittelfrühe Buschtomate mit intensiv orange Früchten. Möglichst Überdacht hinhängen, wegen Braunfäule. Niedrige, buschige Pflanze mit Massen ca.4cm großen, behaarten Früchte und behaarten Blättern. Kaum Platzer. Erste Früchte gegen Mitte August. Die Pflanzen breiten sich mit fast wagerechten Trieben am Boden aus, daher mindestens 50 bis 60 cm Abstand halten. Wuchshöhe dagegen nur ca. 25 cm. Für eine Ampel genügt eine Pflanze. Recht robust im Wuchs.	images/Behaarte_Brandywine.jpg
1136	Benissoinante	Stabtomate -   mit strahlend gelben, runden, süßlich schmeckenden, milden Früchten. 2 Fruchtkammern. Die etwa 40 Gramm schweren Früchte sind nicht immer von gleicher Sortierung doch relativ fest und dickwandig. Guter und sicherer Ertrag.	images/Benissinante.jpg
1137	Berner Rosen	Stabtomate - Mittelspät reifende, fleischige Tomate mit rosaroten Früchten. Guter, aromatischer Geschmack mit süßem Anflug. Saftig-weiche Früchte. Kräftiger Wuchs, neigt zum Wuchern und wird 2 m hoch. Ertragreiche Stabtomate. Kreuzungsgefährdet. Fruchtdurchmesser ca. 8 cm. Rund bis leicht plattrund. Zahl der Fruchtkammern variiert: 3-7. Durchschnittliches Gewicht: 200 g. 4-6 Früchte je Traube. Schweizer Gartensorte, die einen Warmen, trockenen Standort benötigt.	
1138	Bertas Gefleckte	Stabtomate - Mittelgroße rotgelb unregelmäßig gefleckte Stabtomate. Recht hoher Wuchs. Ertragsbeginn etwa Anfang August. Leicht und ohne jegliche Verletzung der Frucht zu ernten.	images/Bertas_Gefleckte.jpg
1139	Bertas Rote	Stabtomate - Ertragreiche, rote Stabtomate von etwa 1,9 m Höhe. Gute Sorte mit eher säuerlichem Geschmack. Relativ feste Frucht. Nicht ganz platzfest, daher unter Dach anbauen oder auf regelmäßige Wasserversorgung achten bzw. vor starken Regenfällen die noch nicht ganz reifen Früchte abnehmen.	
1140	Beuteltomate aus El Salvador	Stabtomate - Gelbe, bei Vollreife gelborange Stabtomate. Die Mittelfrühe Frucht gleicht einem zugeschnürten Tabakbeutel. Die Frucht ist sehr fest und platzt nicht. Sie kann vor Braunfäulebeginn abgenommen und eingelagert werden. Auf dem Lager wochenlang haltbar. Reichtragende, Hochwachsende Pflanzen, die nur geringe Pflege brauchen.	images/Beuteltomate.jpg
1141	Bianca Cherry	Spaliertomate - Seltene, cremeweiß-gelbe, runde Obsttomate, eine Wildform mit hohem Zuckergehalt. Lange widerstandsfähig gegen Braunfäule, obwohl angrenzende Sorten z. T. total abstarben. Keine einzige Frucht wurde krank. Völlig platzfest. Die Frucht hat nur 1,8 cm im Durchmesser. Wuchshöhe etwa 2,4m. Meist 7 bis 8 Früchte pro Wickel. Diese Sorte sollte mehrtriebig am Spalier erziehen. Nicht ausgeizen.	images/Bianca_Cherry.jpg
1142	Big Rainbow	Stabtomate - Gelborange Tomate mit gutem Geschmack. Eine der wohlschmeckendsten Fleischtomaten mit eher süßem als saurem Geschmack. Die Frucht kann sehr groß (500g) werden und ist platt sowie vielfach leicht gerippt. Nur 2 Früchte je Traube belassen, damit sie sich gut ausformen und groß werden kann. Eine leichte Flammung kommt bei reifen Früchten zum Vorschein, oft sind die Früchte aber gelb mit einer Rötung am Blütenpol. Vielkammerig.	images/Big_Rainbow.jpg
1143	Big Sungold Orange	Stabtomate - Nur murmelgroße Früchte in üppigen Fruchtständen. Ist gut widerstandsfähig gegen Braunfäule. Schöne, orangefarbene Früchte. Sehr hohes und robustes Wachstum. Höhe ohne weiteres 2,8 bis 3,5m. Diese Sorte sollte am Spalier gezogen werden.	images/Big_Sungold_orange.jpg
1144	Big Sungold Red	Stabtomate - Nur murmelgroße Früchte in üppigen Fruchtständen. Ist gut widerstandsfähig gegen Braunfäule. Schöne, rote Früchte. Sehr hohes und robustes Wachstum. Höhe ohne weiteres 2,8 bis 3,5m. Diese Sorte sollte am Spalier gezogen werden.	
1145	Big White Pink Stripeds	Stabtomate - Weißgelbe Stabtomate, die etwas gestreift ist. Plattrund und etwas gerippt. Hoher Ertrag, süß und saftig. Geschützte Lage von Vorteil.	images/Big_White_Pink_Stripes.jpg
1146	Big Yellow Pink Stripeds	Stabtomate - Bis 400 Gramm schwere, runde, abgeflachte, gelb-orange Früchte mit rotem Zentrum. Sehr aromatisch. Eine der besten zweifarbigen Sorten. Am deutlichsten wird die Zweifarbigkeit bei aufgeschnittenen Früchten. Sehr viele Fruchtkammern. Höchst dekorative und ungewöhnliche Sorte.	images/Big_Yellow_Pink_Stripes.jpg
1147	Big Zebra	 Stabtomate - Rot-grün gestreifte Fleischtomate. Innen grün mit rosa Mitte. Hoch wachsend, mild-süß im Geschmack. Kuriose und seltene Tomatensorte. 	images/Big_Zebra.jpg
1148	Black Cherry	Stabtomate - Dies ist die einzige bekannte wirklich runde schwarze Kirschtomate. Sie vereint die Würze der schwarzen Tomaten mit der Süße von Kirschtomaten. Diese Stabtomate wächst sehr hoch und liefert viele außergewöhnlich – in Farbe und Geschmack – delikate Früchte.	
1149	Black from Tula	Stabtomate - Dunkle Stab-Fleischtomate, die in heißen Sommern fast Schwarz werden. Sonst eher tief weinrot und am Stielansatz olivfarben. Früh, aromatisch-süß und robust. Erste Ernte schon ende Juli. 150 bis 200 g schwere Früchte oft mit Nabel, kaum Gerippt. Nur mit Stiel (Schere) zu ernten. Mittlerer Ertrag. Gesunder und kräftiger Wuchs an etwa 2m hohen Pflanzen.	images/Black_from_Thula.jpg
1150	Black Marr	Stabtomate - Eine Pflaumenförmige, schwarze Sorte. Die olivbraun-grün gescheckten Früchte färben sich bei Vollreife braunrot mit dunkler, olivgrüner Kappe. Sehr reich tragend. Fruchtgröße etwa 5x3,5 cm. Leicht zu ernten. Dicht besetzte Wickel mit 7 bis 9 Früchten. Gute Gartensorte für trockene Plätze. Mittelfrühe Reife.	images/Black_Marr.jpg
1151	Black Pear	Stabtomate - Tomate von ungewöhnlich braun-schwarzer Farbe und ungewöhnlicher, glockiger Birnform. Schwere, feste Frucht. Kräftig wachsende Stabtomate von über 2 m Höhe. Rarität für warme Standorte.	images/Black_Pear.jpg
1250	Green Bell Pepper	Stabtomate - Unterschiedlich große Früchte. Ockerfarben mit grünen Streifen bzw. Flammung. Plattrunde Fleischtomate. Meist 60- 70g, teils 90g schwer. Durchmesser bis 65 mm, Höhe etwa 45 mm. Innen herrlich smaragdgrün. Manchmal mit Hohlraum. Oft 3 bis 5 Fruchtkammern. Herkunft: Australien.	images/Green_Bell_Pepper.jpg
1251	Green Giant	Stabtomate - Normal- und kartoffelblättrige, riesengroße bis 2 kg, gelbgrüne, sehr saftige, würzige Früchte. Ein Phänomen!	images/Green_Giant.jpg
1252	Green Grape	Buschtomate - “ Green en Grappes”  Diese höhere Buschtomate bringt kleine Trauben mit 7 bis 10 Früchten hervor. Seltene, wohlschmeckende, niedrige Sorte mit eiförmigen, etwa 20 Gramm schweren, grün bleibenden Früchten. Eine historische Sorte, die zur Ausprägung des vollsüßen Geschmacks einen vollsonnigen und nicht zu nassen Standort benötigt.  Die Pflanzen werden 2- bis 4- triebig gezogen etwa 70 bis 80cm und eintriebig gezogen bis ca. 1,4m hoch.	images/Green_Grape.jpg
1253	Green Pear	Stabtomate - Die grüngelben Cocktailtomaten sind äußerst schmackhaft. Kleine grüne Birnchen. Die Pflanzen sind Durchschnittlich gut im Ertrag.  In jedem Fall eine Sorte die man lieben und schätzen lernt.	images/Green_Pear.jpg
1254	Green Sausage	Buschtomate, Ampeltomate - Alte, buschig wachsende Sorte mit länglichen, grün-ocker gestreiften Früchten, die gestauchten Mini-Bananen gleichen. Höchst ungewöhnlich und absolut kurios, dekorativ. Früchte länglich bis bananenförmig gebogen.  Trotz der geringen Pflanzengröße guter Ertrag.	images/Green_Sausage.jpg
1255	Green Velvet	Stabtomate - Eine gelbgrüne Fleischtomate mit saftigen Früchten und etwa 200 bis 250 Gramm Gewicht.	images/Green_Velvet.jpg
1256	Greenwich	Stabtomate - Kleine, bis mittelgroße, grünockergelbe Fleischtomate. Glatt bis leicht gerippt, plattrund. Innen smaragdgrün. Weniger saftig als fleischig. Mehrere Fruchtkammern. Seltenheit. Herkunft:	images/Greenwich.jpg
1257	Green Pineapple	Stabtomate - Mittelhohe Stabtomate von gelbgrüner Farbe. Die Frucht ist platt und etwa zu 20% von oben her grün geflammt. Unten mehr bronzegelb. Spät reifend und etwa 150 bis 200 Gramm schwer. Herkunft: soll aus Springfield, Ohio stammen	images/Green_Pineapple.jpg
1258	Grapefruit	Stabtomate - „ Grejpfrutt“ Gelblichrote Sorte, die innen rot gefärbt ist. Kurios. Große, feste, runde und leckere Früchte. Kräftig wachsende Stabtomate. Höhe etwa 1,80 m.	images/Grapefruit.jpg
1259	Große Blanche	Stabtomate - Cremeweiße, etwas wächsern-gelbliche,  sehr große Fleischtomate (400-800 g) mit süßem Geschmack. Ertragreich und hoch wachsende Sorte.	images/Grosse_Blanche.jpg
1260	Grüne Rispentomate	Stabtomate - Stabtomate mit vielen taubeneigroßen und traubenförmigen Früchten von gelbgrüner Farbe. Mittelfrühe Reife.	images/Gruene_Rispentomate.jpg
1261	Grüne Russische	Stabtomate - Wüchsige, grüngelbe, etwa 2 m hohe, kartoffelblättrige Stab-Fleischtomate mit etwas platten und leicht gerippten, mittelgroßen, z. T. auch riesigen Früchten, deren Größe zwischen 5 und 15 cm schwankt. Das Gewicht liegt in der Regel zwischen 100 und 200 g. Fruchtfleisch innen manchmal mit rosa Streifen durchzogen.	
1262	Grünes Zebra	Stabtomate - Fleischtomate, gelb-grün gestreift, weich, platzfest und nie mehlig. Im Geschmack sehr süß, würzig-aromatisch. Die Pflanze ist hoch wachsend, stark belaubt mit Früchten von 250g. Mittelfrüh bis spät. Herkunft: Aus Kalifornien.	images/Gruenes_Zebra.jpg
1263	Grüngelb gestreiftes Mini-Ei	Stabtomate - Eine hoch wachsende Stabtomate mit grün-gelb gestreiften ca.3cm langen und ca. 1,5cm dicken eiförmigen Früchten. Geschmack mild aromatisch. Spaltet teilweise auf. Wahrscheinlich noch nicht stabil.	
1264	Gruscha Tschernaja	Stabtomate - (Schwarze Birne) Eine Stabtomate mit mittelgroßen, manchmal auch großen, dunklen pink-braunroten Früchten. Oberseite, am Stielansatz eine olivfarbene Kappe. Sehr saftig, mildwürzig-süß schmeckend. Geringe bis mittlere Rissbildung am Stielansatz bei unregelmäßiger Bewässerung.	images/Gruscha_Tschernaja.jpg
1265	Guernsey Island	Stabtomate - (Schwarze Birne) Eine Stabtomate mit mittelgroßen, manchmal auch großen, dunklen pink-braunroten Früchten. Oberseite, am Stielansatz eine olivfarbene Kappe. Sehr saftig, mildwürzig-süß schmeckend. Geringe bis mittlere Rissbildung am Stielansatz bei unregelmäßiger Bewässerung.	images/Guernsey_Island.jpg
1266	Hartsack Orange	Stabtomate - Tolle Färbung. Die Frucht ist von tief goldgelber bis orange Farbe. Wunderschön. Wenn man die Frucht aufschneidet, zeigt sich eine rotorange Plazenta mit außen orangen Fruchtwänden. Insofern eine Rarität. Toll auch im Ertrag und in der Fruchtgröße. Rundlich bis prall plattrund. Am Stielansatz manchmal ein wenig grün geflammt.	images/Hartsack_Orange.jpg
1267	Hartsack Yellow	Stabtomate - Tolle Färbung. Die Frucht ist von tief goldgelber bis gelber Farbe. Wunderschön. Wenn man die Frucht aufschneidet, zeigt sich eine rotorange Plazenta mit außen gelben Fruchtwänden. Insofern eine Rarität. Toll auch im Ertrag und in der Fruchtgröße. Rundlich bis prall plattrund. Am Stielansatz manchmal ein wenig grün geflammt.	images/Hartsack_Yellow.jpg
1268	Hawaiianische Cherry	Stabtomate - Orangefarbene Kirschtomate von etwa 2 cm Durchmesser. Ideal für mehrtriebige Erziehung, Spalier. Süße Früchte. Ertragreich	images/Hawaiian_Cherry.jpg
1269	Heikos Rote Balkontomate	Buschtomate - Eine kräftige ca.40 cm hohe und etwa 35 cm breite aufrecht wachsende Buschtomate. Rote etwa 4 cm im Durchmesser feste Früchte. Widerstandsfähig. Sehr geeignet für Topfkultur.	
1270	Hellfrucht	Stabtomate - Reichtragende und gängige, runde, mittelrote Stabtomate. Sehr frühe, ertragreiche und sehr platzfeste Sorte. Widerstandsfähiger Massenträger. Ideal zum Abendbrot.	images/Hellfrucht.jpg
1271	Hillbilly	Stabtomate - Leicht gerippte, gelborange-rotgelb gefleckte Fleischtomate ohne Rippen. Mittelstark wachsend. Variable, meist hochrunde bis manchmal flache, recht große Frucht, die durchschnittlich 150 g wiegt, aber auch schwerer bis 400 g werden kann. Mildsüßer Geschmack. Im Freiland ab Anfang August reifend. Bei geschütztem Anbau sehr hoher Ertrag. Besticht vor allem durch die faszinierende farbliche Zeichnung der Frucht.	images/Hillbilly.jpg
1342	Orange Plum	Stabtomate - Eine Pflaumenförmige, orange Sorte. Die Früchte färben sich bei Vollreife leuchtend orange. Sehr reich tragend. Fruchtgröße etwa 7,5 x 4 cm. Leicht zu ernten. Dicht besetzte Wickel mit 7 bis 9 Früchten. Gute Gartensorte für trockene Plätze. Mittelfrühe Reife.	images/Orange_Plum.jpg
1344	Opalska	Stabtomate - Ein roter äußerst wuchtig wachsender Andenhorn-Typ, also mit Früchten in der Form von Spitzpaprika, lang gestreckt keilförmig. Diese Marktomate für Pizza, Salate und Ketschup ist zwar relativ spät (Reife ab Mitte August), doch sehr ertragreich und bis zu 3m hoch. Die Früchte können teils bis zu 20cm lang werden -richtige Giganten! Gesunder Wuchs. Fleischige, oft fast Samenlose Früchte mit wenig Saft. Soll aus Polen kommen.	images/Opalska.jpg
1345	Orange Beauty	Stabtomate - Sehr schöne, orange bis gelborange Stabtomate. Runde Früchte von etwa 30 Gramm. Äußerst lange Trauben.   Erntebeginn ab Anfang August.	images/Orange_Beauty.jpg
1346	Orange Beere	Stabtomate - "Orange_Berry" Stab-Obsttomate mit orangen Früchten, die in langen, oft gefächerten Trauben hängen. Die runden Früchte haben einen Durchmesser von 2,5cm und wiegen etwa 7g. Mittelhoch wachsende Stabtomate mit wunderschönen Früchten.	images/Orange_Berry.jpg
1347	Orange Favourite	Stabtomate - Sehr schöner, herrlich knall-orange Massenträger. Süßsaure bis mild schmeckende Stabtomate von mittelhohem Wuchs, bis 2m und mit etwa 50 bis 65 Gramm schweren Früchten. Eine der Weltweit schönsten, auch innen intensiv gefärbten Stabtomaten. Früher und lang andauender Ertrag.	images/Orange_Favorite.jpg
1348	Orange Flaschentomate	Stabtomate - Sehr schöne Flaschentomate. Wuchs nur mittelhoch. Frucht länglich mit stumpfer Spitze, nicht saftig und herrlich goldfarben. Fingerlang. 2 - kammerig, dickfleischig, wenig Samen. Unreif oben grün geflammt. Eine der schönsten mittelhohen Flaschentomaten, nicht saftig, doch gut für Salate geeignet.	images/Orange_Flaschentomate.jpg
1349	Orange Johannisbeertomate	Stabtomate - Kleinfruchtige Stabtomate mit orange, runden, ovalen und teils auch länglichen, etwa 3 bis 4 g schweren Früchten in ungewöhnlich langen, oft weit über 30cm, ungefächerte Trauben zu je 22 bis 30 Früchten. Die hoch wachsenden 2,5 m und mehr, locker aufgebauten Pflanzen bringen  bei Spaliererziehung einen hohen Ertrag und reduziert das Höhenwachstum.	images/Orange_Johannisbeertomate.jpg
1350	Oranges Ochsenherz	Stabtomate - Kleinfruchtige Stabtomate mit orange, runden, ovalen und teils auch länglichen, etwa 3 bis 4 g schweren Früchten in ungewöhnlich langen, oft weit über 30cm, ungefächerte Trauben zu je 22 bis 30 Früchten. Die hoch wachsenden 2,5 m und mehr, locker aufgebauten Pflanzen bringen  bei Spaliererziehung einen hohen Ertrag und reduziert das Höhenwachstum.	images/Orange_Ochsenherz.jpg
1351	Orange Wildtomate	Stabtomate, Spaliertomate  Dieser robuste Wildtomatentyp überragt alle Kulturtomaten. In guten Böden erreicht er bis Mitte September eine Höhe von 3 Metern –selbst bei mehrtriebiger Spalier-Erziehung. Die hell- bis orangeroten Früchte sind von ovaler Form und etwa 35 x 25 mm groß. Wickel mit 8 bis 15 Früchten. Widerstandsfähig gegen Braunfäule und andere Tomatenkrankheiten.  Beachtlich ist auch die frühe und lang andauernde Ernte, ohne dass die  Fruchtgröße abnimmt. Bei Spalier-Erziehung die unteren Blätter  entfernen. Das bringt eine gute Luftzirkulation.	images/Orange_Wildtomate.jpg
1352	Orange Queen	Stabtomate - Reichtragende und oft großfruchtige 120 bis 150 g goldgelbe bis orangegelbe Stabtomate. Früchte nicht Gleichmäßig. In warmen Jahren Massenträger.	images/Orange_Queen.jpg
1343	Olympisches Feuer	Stabtomate - Runde, wunderschön rot-goldfarben geflammte Sorte aus Russland. Sehr ertragreich und wohlschmeckend. Für alle Verwendungszwecke geeignet. In warmen Sommern ein Massenträger.	images/Olympisches_Feuer.jpg
1353	Oranschewoe Sowerschenstwo	Stabtomate - „Orangefarbene Perfekte“  Eine Flaschentomate von herrlich orange Farbe. Mittelhoher Wuchs. \r\n \r\n Erste reife Früchte ab Anfang August.	images/Oranzschewoe_Sowerschenstwo.jpg
1354	Oranzhevaja Slivka	Stabtomate, von schöner, intensiv klarer orange Farbe. Feste, mittelgroße, ovale, süße Frucht. Etwa 25 g schwer und 4 x 3,5 cm groß. Dekorativ und guter Geschmack. 2 kammerig, dickwandig. 7 bis 9 Früchte je Wickel.	images/Oranzhevaja_Slivka.jpg
1355	Pachino	Stabtomate - Mittelhoch wachsende Stabtomate mit kleinen ca. 2 cm, roten, zweikammerigen Früchten, die in Trauben von bis zu 12 Früchten wachsen. Sehr fest. Einheitliche Fruchtgröße.	images/Pachino.jpg
1356	Pearls Yellow Pink	Stabtomate - Saftige, süß-aromatische Stabtomate mit gelb-rot marmorierten Früchten.	
1357	Pendulina	Sehr schön gefärbte, orangegelbe, nahezu eiförmige Früchte – knapp über 4 cm hoch etwa 3 cm breit. Saftig, wohlschmeckende Ampelsorte, die sehr früh, meist ab Anfang Juli, reift.  Die Pflanzen wachsen von Anbeginn ausbreitend mehrtriebig. Die Triebe hängen in Ampeln etwa 20 cm herab.	images/Pendulina.jpg
1358	Perlenschnur Gelb	Eine orangegelbe Johannisbeertomate. Mehrtriebige zu ziehende Sorte, die selbst dann noch über 2 m hoch wird. Früchte etwa 13 bis 15 mm groß, glänzend orangegelb! Früchte in oft einfachen, teils aber auch 1 bis 2 x gegabelten Trauben von 20 bis 30 cm lang. Süß-würzige, knackige Frucht. Wüchsig, gesund, früh und lang tragend. Sehr robuste Naschsorte für Kinder.	images/Perlenschnur_Gelb.jpg
1359	Pervaya Lyubor	Kartoffelblättrige Stabtomate mit mittelgroßen bis großen, dunkel purpurfarbene Früchte. Sehr guter Geschmack und guter Ertrag.	images/Pervaya_Lyubor.jpg
1360	Petite Pomme Blanche	Außergewöhnliche Obsttomate mit weiß-gelben Früchten. Wahrscheinlich eine Johannisbeertomate. Nicht so dünntriebig und feinlaubig wie andere Johannisbeertomaten, eher wuchtig. Sehr geeignet für Spalieranbau. Ab August Laub ausdünnen!	images/Petite_Pomme_Blanche.jpg
1361	Petite Pomme Red	Stabtomate, Spaliertomate Außergewöhnliche Obsttomate mit kleinen roten Früchten. Wahrscheinlich eine Johannisbeertomate. Nicht so dünntriebig und feinlaubig wie andere Johannisbeertomaten, eher wuchtig. Sehr geeignet für Spalieranbau. Ab August Laub ausdünnen!	
1362	Ping Pong	Goldorange Obsttomate aus China. Kugelrunde Früchte, die etwa 15 bis 20 g wiegen, fest und gut lagerfähig sind. Durchmesser etwa 30mm. 2 Fruchtkammern. Fast kein Stielansatz. Ungewöhnlich lange, meist ein- bis dreimal gegabelte Trauben. Überaus   an wunderschönen, sehr platzfesten Früchten. Robust und gesund im Wuchs. Mittelhoch, bis 2 m. Eine der schönsten Obsttomaten mit makellosen, erfrischend saftigen Früchten. Leicht zu pflücken. Massenträger.	images/Ping_Pong.jpg
1363	Pink Peach	Pinkfarbene, behaarte Pfirsichtomate. Mittelgroße Stabtomate, die leider durch die Behaarung sehr anfällig auf Braunfäule ist. Saftig und milde Liebhabersorte.	images/Pink_Peach.jpg
1152	Black Plum	Stabtomate - Sie hat keine schwarzen, sondern dunkle, braunrot-olivfarbene Früchte, die sich bei Hitze stärker und dunkler färben. Die mittelgroße Frucht ist länglich ( tonnenförmig ), zwei- bis dreikammrig und süß. Sehr feste Fruchthaut, lange lagerbar. Etwa 35 – 50 Gramm schwer. Innen smaragd- bis braunolivgrün, immer mit dunkler Kappe. Diese Sorte ist relativ widerstandsfähig gegen Braunfäule.	images/Black_Plum.jpg
1153	Black Zebra	Stabtomate - Die aromatischen und saftigen Früchte sind rund sowie schwarz-grün gestreift. Fruchtgewicht von 75 bis 150 Gramm. Geschmacklich hervorragend. Eine delikate Rarität von ungewöhnlicher Optik – extrem dunkel. Ideale Kultur an warmer Hauswand.	images/Black_Zebra.jpg
1154	Blonde Sarah	Stabtomate - Exzellente alte deutsche Sorte aus der Region Freiburg. Süßsaftige, bis 300 Gramm schwere, gelbe, fleischige Früchte. Am Stielansatz oft braun gesprenkelt. Mittelfrüh.	images/Blonde_Sarah.jpg
1155	Blondköpfchen	Stabtomate - Mittelfrühe Stabtomate mit runden, hellgelben Früchten aus Debrecen, Ungarn. Eine der schönsten gelben Sorten. Sehr einheitliche Sortierung, reich tragend. Fruchtgewicht etwa 30 Gramm. Durchmesser der leicht platten, meist aber kugelrunden Frucht etwa 40 mm. Unreif von oben her geflammt. Ideale Gartensorte für volle Sonne.	images/Blondkoepfchen.jpg
1156	Blue Berry	Stabtomate - Exotisch! Blau-lila-auberginenfarbig bei Vollreife ins blaurot umfärbende, Die runde Tomate wird ca. 4 bis 6 cm groß. Von außen perfektes Farbspiel. Innen normal hellrot. Sehr hoher und kräftiger Wuchs. Kann mehrtriebig gezogen werden. Guter Geschmack.	images/Blue_Berry.jpg
1157	Blue Fruit	Buschtomate, Ampeltomate - Frühe Buschtomate mit intensiv roten Früchten. Niedrige, buschige Pflanze mit Massen kleiner roter Früchte. Kaum Platzer. Sehr früh. Erste Früchte gegen Mitte Juli. Die Pflanzen breiten sich mit fast wagerechten Trieben am Boden aus, daher mindestens 50 bis 60 cm Abstand halten. Wuchshöhe dagegen nur ca. 25 cm. Für eine Ampel genügt eine Pflanze. Recht robust und gesund im Wuchs. Möglichst Überdacht hinhängen, wegen Braunfäule	images/Blue_Fruit.jpg
1158	Boettner Italien	Stabtomate - Kuriose Stabtomate mit roten, kantig spitz-paprikaförmigen Früchten, die eine lange ausgezogene Spitze haben. Sie werden bis 14cm lang und erreichen 4 bis 5 cm Durchmesser.  Mittelrote Färbung mit einer sehr interessanten seltenen Fruchtform. Hoher, aber später Ertrag. Die Pflanze benötigt viel bei Wärme. Ideal für Tomatenkästen. Im Freiland kein guter Ertrag.	images/Boettner_Italien.jpg
1159	Brasilianisches Ei	Stabtomate - Ketschuptomate mit gesundem, hohem Wuchs und langer Ertragsdauer. Ertragreich Geschmacklich nicht überragend. Feste, mittelgroße und länglichovale Früchte. Blätter relativ stabil gegenüber der Braunfäule - z. T. werden eher die Früchte befallen.	images/Brasilianisches_Ei.jpg
1160	Braune Pflaume	Stabtomate - Eine Pflaumenförmige, schwarze Sorte. Die olivbraun-grün gescheckten Früchte färben sich bei Vollreife braunrot mit dunkler, olivgrüner Kappe. Sehr reichtragend. Fruchtgröße etwa 5x3,5 cm. Leicht zu ernten. Dicht besetzte Wickel mit 7 bis 9 Früchten. Gute Gartensorte für trockene Plätze. Mittelfrühe Reife.	images/Braune_Pflaume.jpg
1161	Brauner Bär	Stabtomate - Eine der ungewöhnlichsten braunen Stabtomaten. Beim durchschneiden der festen etwa 100 Gramm schweren Früchte zeigen sich die Samen in oliv-braunem Samenmantel. Die Fruchtform variiert. Bei mir eher einheitlich hochrund und kantig-gerippt von rot-olivbrauner Farbe. Wuchshöhe etwa 1.8 Meter.	images/Brauner_Baer.jpg
1162	Brauner Batzen	Stabtomate - Hochwachsende Stabtomate mit wohlschmeckenden, braunen Früchten, die besonders an den unteren beiden Fruchtständen eine stark uneinheitliche Form aufweisen. Nach oben hin werden die Früchte einheitlicher und eiförmig. Sorte für Hausgarten zum unmittelbaren Verbrauch ab Stock. Sonniger Standort, wenig Wasser und geringe Düngergaben fördern den bereits genetisch bedingten guten Geschmack.	images/Brauner_Batzen.jpg
1163	Braunes Birnchen	Stabtomate - Kleine, eiförmige, sehr dunkle, braunrote bis braune Obsttomate. Eine der wenigen dunklen, kleinfrüchtigen Sorten. Die 2 cm großen Früchte hängen in einfachen Trauben zu 6 bis 8 Stück. Saftig und würzig im Geschmack. Mittelhoher Wuchs. Liebhabersorte. Sehr platzfest.	images/Braune_Birne.jpg
1164	Brown Berry	Stabtomate - Kleine, runde, sehr dunkle, braunrote bis braune Obsttomate. Eine der wenigen dunklen, kleinfrüchtigen Sorten. Die 2 cm großen Früchte hängen in einfachen Trauben zu 8 bis 10 Stück. Saftig und würzig im Geschmack. Mittelhoher Wuchs. Liebhabersorte. Sehr platzfest.	images/Brown_Berry.jpg
1165	Brown Derby Mix	Stabtomate - Fülltomate, Paprikatomate. Eine hohle Füll- oder Paprikatomate mit großen, breitkantigen, paprikaähnlichen Früchten. Späte Reife im Freiland, doch sehr dekorative Früchte. Die Frucht ist breiter als bei anderen Paprikatomaten. Kuriose Rarität für Sammler. Braucht einen vollsonnigen, warmen Platz an einer Hauswand oder Kultur im Gewächshaus. Platzfest. 4 bis 6 Früchte je Wickel. Etwa 1,9 m hoch wachsend.	images/Brown_Derby_Mix.jpg
1166	Brown Egg Cherry	Stabtomate - Kantig-oval, schwarzrot-olivgrüne Früchte von etwa 30 bis 40 Gramm. Früchte bis 55 mm lang und 40 mm im Durchmesser. Fest, platzfest, würzig, sehr reich tragend. Oben mit olivfarbener Kappe. Hohe, kräftige Pflanzen von gesundem Wuchs. Sehr leicht zu pflücken. Nicht zu früh ernten. Empfehlenswerte Gartensorte. 	images/Brown_Egg_Cherry.jpg
1167	Caro Rich	Stabtomate - Große orange, geflammte Fleischtomate mit mildem, sehr angenehmen Geschmack. Die Pflanze benötigt viel Sonne und sollte unbedingt an warmer Stelle ausgepflanzt werden. Es ist eine typische Liebhabersorte. Früchte: flachrund bis angedeutet herzförmige Früchte, die oben gerippt  sind. 2 bis 3 gigantische Früchte wachsen je Traube. Bis500 Gramm  schwere Früchte sind keine Seltenheit. Wuchshöhe: 190cm  Spätreifend Pflege: regelmäßig gießen, da die Früchte sonst oben einreißen.	images/Caro_Rich.jpg
1168	Carobetta	Stabtomate - Mittelhohe, relativ frühe Stabtomate mit tief orangeroten, eher plattrunden, etwas säuerlichen Früchten, welche am Blütenpol eine plumpe Spitze aufweisen. Leichte Rippung. Früchte: Durchmesser 5 bis 6 cm, Gewicht etwa 80 bis 100 Gramm. 4 bis 5 Früchte je Traube. Stabile und platzfeste Frucht. Frühe, oft sehr vielkammerige Fleischtomate mit vielen Fruchtkammern. Innen ist die Frucht herrlich orangegelb. \r\n \r\n Herkunft: stammt aus Russland.	images/Carobetta.jpg
1170	Cerise Gelb	Stabtomate - Eine gelbe Sorte mit etwas größeren Obsttomaten. Knackig und süß mit wenig Säure. Schönes Gelb, rund bis etwas ovalrund, etwa 11 bis 19 g schwer. Trauben mit 8 bis 12 Früchten. Sehr guter Behang. Recht frühe Reife – beginnend in der 2. Julihälfte.\r\n \r\n Kräftiger, sehr gesunder Wuchs. Platzfest – nur überreife Früchte reißen längsseits auf. Ist im Freiland sehr gesund und auch gut widerstandsfähig gegenüber Braunfäule.	images/Cerise_Gelb.jpg
1171	Cerise Rot	Stabtomate - Eine rote Sorte mit etwas größeren Obsttomaten. Knackig und süß mit wenig Säure. Schönes Gelb, rund bis etwas ovalrund, etwa 11 bis 19 g schwer. Trauben mit 8 bis 12 Früchten. Sehr guter Behang. Recht frühe Reife – beginnend in der 2. Julihälfte. Kräftiger, sehr gesunder Wuchs. Platzfest – nur überreife Früchte reißen längsseits auf. \r\n \r\n Ist im Freiland sehr gesund und auch gut widerstandsfähig gegenüber Braunfäule.	images/Cerise_rot_Cocktail.jpg
1172	Champagne Cherry	Spaliertomate - Seltene, cremeweiß-gelbe, runde Obsttomate, eine Wildform mit hohem Zuckergehalt. Die Frucht hat nur 1,8 cm im Durchmesser. Wuchshöhe etwa 2,4m. Meist 7 bis 8 Früchte pro Wickel. Diese Sorte sollte mehrtriebig am Spalier erziehen. Nicht ausgeizen.\r\n \r\n Lange widerstandsfähig gegen Braunfäule. Völlig platzfest.	images/Champagne_Cherry.jpg
1173	Cheroquee Chocolate	Stabtomate - Dunkle, bräunlich-rote Stabtomate mit mittelgroßen, zumeist platten Früchten 200 – 300 g, meist aber kleiner. Oben mit olivfarbener Kappe. Historische, süß schmeckende Sorte.	images/Cheroquee_Chocolate.jpg
1174	Chocolate	Stabtomate - Rotbraune große Früchte, süßaromatisch. Die Früchte können pfundschwer werden, sie sind dunkel weinrot bis braun und haben oben eine dunkle, olivgrüne Kappe. Eine durchschnittliche Frucht hat 9 bis 10 cm Durchmesser und wiegt rund 270 g. Viele, aber nicht zu tiefe Rippen und extrem fleischig. \r\n \r\n Die platten Früchte sind nur mit der Schere zu ernten.	images/Chocolate.jpg
1175	Cocoba	Stabtomate - Paprikaförmige, braunrote teils hohle Früchte. Mittelspät, doch lang und reich tragend.  Leider teils auch unförmige Früchte. Wahrscheinlich noch nicht stabil.	images/Cocoba.jpg
1176	Coer de Pigeon - „Traubenherz“	Stabtomate - „Traubenherz“  Eine Stabtomate, ertragreiche Wildtomate mit nicht ganz kirschgroßen, roten Früchten, die in Trauben mit teils mehr als 80 Früchten reifen. Die herzförmigen Früchte sind knackig und saftig. Sie wiegen etwa 5 bis 7 g und können sehr lange hängen bleiben ohne zu faulen und ohne zu schrumpeln.  Gut widerstandsfähig gegen Braunfäule.	images/Coeur_de_Pigeon.jpg
1177	Columbianum Wildtomate	Stabtomate - Eine überaus Reichtragende, recht robuste, gesund wachsende Wildform mit büscheligen Fruchtständen, welche jeweils bis zu 90 Früchte von etwa 25 bis 28 mm Durchmesser tragen. Fruchtgewicht 9 bis 14 g. Rot, am Blütenpol mit kleiner, aber scharfer Spitze. Äußerst reichtragend, gut platzfest und erfrischend saftig. Süßlich-würziger Geschmack.	images/Columbianum_Wildtomate.jpg
1169	Carotina	Stabtomate - Orangefarbene, mittelspäte Stabtomate. Saftreich und mild im Geschmack. Sehr schöne Farbe. Früchte: Zum Teil große Früchte, auch innen herrlich orangerot durchfärbt. Etwas mehr als mittelgroße, mehrkammerige, mild-süße Früchte. 4 – 6 Früchte je Traube. Flachrund und leicht gerippt. Gut für warme Lagen geeignet. In heißen Sommern früher reif. \r\n \r\n Sehr beliebte Sorte mit mittlerem Ertrag.	images/Carotina.jpg
1178	Cox Orange	Stabtomate - Füll- oder Paprikatomate, Paprikaförmige, hell- bis mittelrote Früchte mit gelben Streifen. Mittelgroß, meist hohl und mit dicker Fruchtwand. Gerippt. Rarität, da mehrere seltene Eigenschaften zusammenkommen. Mittelspät, doch lang und reich tragend. Unter Glas sehr hoher Ertrag mit teils riesigen Früchten. Dekorative Sorte, zum Füllen wie Paprika oder für Salate.	images/Cox_Orange.jpg
1179	Cozzano 1	Stabtomate - Italienische rote Stabtomate mit platten, festen, saftigen, geschmackvollen Früchten. Kräftiger gesunder Wuchs. Hochwachsend ca. 1,8 m und ca.8 cm große Früchte.	images/Cozzano_1.jpg
1180	Cozzano 2	Stabtomate - Italienische gelbe Stabtomate mit platten, festen, saftigen, geschmackvollen Früchten. Kräftiger gesunder Wuchs. Hochwachsend ca. 1,8m und ca.8cm große Früchte.	images/Cozzano_2.jpg
1181	Cozzano 3	Dies ist eine lang gestreckt ovale bis etwa birnenförmige Tomate. Sehr leicht ohne Stiel zu ernten. Massenträger mit Fächerförmigen Trauben. Bis 50 Früchte je Wickel. Fruchtgewicht 50x30 mm. Gewicht etwa 25 Gramm.	images/Cozzano_3.jpg
1182	Cream Sausage	Stabtomate - Eine Sorte mit länglich, eiförmigen, cremefarbenen Früchten. Leider schwachwachsende Pflanze mit einer Höhe von etwa 1,6 m. Tomaten ca. 7 cm lang und 3 cm im Durchmesser. Geschmacklich gut. Liebhaberpflanze.	images/Cream_Sausage.jpg
1183	Cuban Pink	Stabtomate - Pinkrosa, lachsfarbene, größere Kirsch-Stabtomate mit nicht zu kleinen, ovalen Früchten. Ungewöhnlich in der Farbe. Auffallend schöne Früchte, die beachtlich gesund wachsen. 15 bis 30 Früchte je Wickel. Wuchshöhe bis 2,5m. Guter und sicherer Ertrag an mild-süßen, gut platzfesten Früchten. Auch mehrtriebiger Spalieranbau möglich. Robust, auch gegen Braunfäule.	images/Cuban_Pink.jpg
1184	Cuor di bue	Stabtomate - Ochsenherz, oder „ Coeur de Boeuf “ Große Fleischtomate. Drahtige, hochwachsende Sorte mit roten bis rötlich-lila Früchten und langen hängenden Blättern. Schöne, herzförmige Kochtomate. Dünnhäutig, mittelspät und nur bei Wärme sehr ertragreich. Früchte: Leicht gerippte Schultern. Sehr fleischig und fest mit wenig Samen. nsonsten wenige, doch relativ große bis sehr große Früchte. Für den geschützten Freilandanbau, Glashaus, Folienkasten. \r\n \r\n Herkunft: Italien.	images/Cuor_di_bue_Ochsenherz.jpg
1185	Cuostraleé	Stabtomate - Bis zu 1kg schwere, leicht gerippte, rote, wohlschmeckende Fleischtomate aus Frankreich. Riesenfrüchte wohlgeformt und total rot durchgefärbt. Durchmesser 8 bis 15 cm. Eine Spitzensorte unter den Riesentomaten. Sehr hoher wuchs (1,8 bis 2,2 m). \r\n \r\n Stabile Pfähle erforderlich oder gut hochbinden.	images/Cuostralee.jpg
1186	Dar Zavdzhiya	Stabtomate - Glänzend rote Stabtomate mit runden, leicht abgeflachten, kaum gerippten Früchten. Saftig, aromatischer Geschmack. Erste Ernte ab Anfang August. Größe: Durchmesser: ca.7cm, unter Glas auch größer  Gewicht: ca.100g Besonderheiten: Hoher kräftiger Wuchs.	images/Dar_Zavdzhiya.jpg
1187	Dattelkirschtomate	Stabtomate - Klein fruchtige Sorte mit pflaumenförmigen etwas kantigen, dickwandigen, knackigen Früchten von glänzend, roter Farbe. Größe: Sehr hochwachsend etwa 2 bis 2,5m. Besonderheiten: Die Pflanze kann auch mehrtriebig, bzw. am Spalier gezogen werden.	images/Dattel_Kirschtomate.jpg
1188	Datteltomate	Stabtomate - Klein fruchtige Sorte mit pflaumenförmigen, dickwandigen, knackigen Früchten von glänzend, roter Farbe. Besonderheiten: Die Pflanze kann auch mehrtriebig, bzw. am Spalier gezogen werden..	images/Datteltomate.jpg
1189	De Berao Braun	Stabtomate - Eine braune bis tief oliv-braune, samtig-matt schimmernde schöne russische Sorte. Sie ist oval-eiförmig. Allgemein sehr gesunder und oft auch hoher Wuchs etwa 2,5 bis 3,2m. \r\n \r\n Besonderheiten: Saftiger, süßer und geschmacklich wesentlich besser als „De Berao Rot“. .	images/De_Berao_Braun.jpg
1190	De Berao Gelb	Stabtomate - Gelbe, lang gestreckt eiförmige Sorte. Allgemein sehr gesunder und oft auch hoher Wuchs etwa 2,5 m bis 3,2 m.  Besonderheiten: Saftiger, süßer und geschmacklich viel besser als „De Berao Rot“. Russische Sorte.	images/De_Berao_Gelb.jpg
1191	De Berao Rosa	Stabtomate - Sehr große Stabtomate, äußerst robuste Sorte.Diese gesund wachsende Pflanzen mit gutem und sicherem Ertrag stammt aus Irkutsk und trägt aromatische rosa-pinkfarbene Früchte. Sie eignet sich sehr gut für Freilandanbau. Der Boden muss kräftig gemulcht werden, damit es keine Platzer gibt. Besonderheiten: Der intensive Geschmack ist der Beste von allen „De Berao“ Sorten.	images/De_Berao_Rosa.jpg
1192	De Berao Rot	Stabtomate - Ketschuptomate mit gesundem, hohem Wuchs und langer Ertragsdauer. Feste, mittelgroße und länglichovale Früchte. Ertragreich. Blätter relativ stabil gegenüber der Braunfäule - z. T. werden eher die Früchte befallen. Besonderheiten: Herkunft: Lettland und Russland.	images/De_Berao_Rot.jpg
1193	Delikatess Gelb	Stabtomate - Eine der schönsten glatten Fleischtomaten. Sehr überzeugend in Fruchtform und Farbe. Plattrunde, minimal gerippte (glatte), sehr große Frucht (200-300 g und oft viel mehr). Sechs und mehr sternförmige Fruchtkammern. Sehr robust und gut pilzstabil. Meist hochwachsend, kräftig-gesunde Pflanzen. Wohlschmeckend, fest und auch saftig. hervorragend für warme Standorte, Hauswand. Verträgt auch windige Standorte. Besonderheiten: Verträgt auch Hitze.	images/Delikatess_Gelb.jpg
1194	Denar	Stocktomate, hohe Buschtomate - Eine Buschtomate von kräftigem Wuchs. Die roten Früchte sind länglich-tonnenförmig. Ketschup-Tomate. Besonderheiten: Sehr guter Ertrag. Gut Lagerfähig, fleischig und süß. Feste Schale.	
1195	Deweese Streaked	Stabtomate - Große, gelb-orange panaschierte Stab-Fleischtomate. Fruchtgewicht zumeist über 200g. Besonderheiten: Die Frucht ist platt und nur mäßig gerippt.	images/Deweese_Streaked.jpg
1196	Die kleinen Mohren	Stabtomate - Längliche, vierkantige, ovale Frucht. Braunrot. Mild im Geschmack. Oft 6 cm lang und 4 cm im Durchmesser. Hoch wachsend bis ca. 2,5 m. Besonderheiten: Reich tragend und robust gegen die Braunfäule.	images/Die_kleinen_Mohren.jpg
1197	Diklu Roza - ( Dikaja Rosa ) „Wilde Rose“	Stabtomate - Sehr große, rosarote, platte, gerippte Fleischtomate. Viele Fruchtkammern. Besonderheiten: Wahrscheinlich russische Sorte.	images/Diklu_Roza.jpg
1198	Dina	Stabtomate - mit herrlich klar orangen Früchten, die in der Form eher rund, manchmal auch kantig sind. Angedeutete Rippen. Saftig, geschmacklich süß. : Kann schwer werden.	images/Dina.jpg
1199	Dixi Golden Giant	Stabtomate - Hellgelb bis orange, sehr groß, süßfruchtig, teilweise rötlich. Eine Faszinierende leckere Fleischtomate. Fruchtgewicht ca. 400 g und mehr. \r\n \r\n : Warmer geschützter Standort nötig.	images/Dixi_Golden_Giant.jpg
1200	Domamu	Stabtomate - Mittelfrühe, leicht plattrunde, rote Fleischtomate, deren Früchte ein italienisches Flair ausstrahlen. Sehr gleichmäßig aufgebaute Frucht mit nur angedeuteten Rippen. Durchmesser etwas 65 bis75 mm. Höhe etwa 55 bis 60 mm. Gewicht ca.150 g.  Sehr schön geformt. Relativ gleichmäßige Sortierung. Saftig. Mittelhoher Wuchs. : Kaum Risse und Platzer.	
1201	Donnerkeil	Stabtomate - Landsorte mit dünnen, langen, kleinen, roten Früchte. Sehr pflegeleichte Sorte, die vielfach gelobt wird. Mittelhoher, doch zeitiger und beachtlicher lang andauernder Ertrag.  : Etwas lockerer wuchs, der vermutlich etwas vor Braunfäule schützt.	images/Donnerkeil.jpg
1202	Douce de Picardie	“Blanche Douce de Picardie”, “Süße aus der Picardie“ Stabtomate - Weiße bis cremegelbe Stabtomate mit platten, unregelmäßig, meist nicht stark gerippten, süßen Früchten.  : Mittelgroße, ertragreiche Fleischtomate mit meist über 100g Gewicht.	images/Douce_de_Picardie.jpg
1203	Doucing With Smurfs	Stabtomate - Exotisch! Blau-lila-auberginenfarbig bei vollreife ins blaurot umfärbende ca. 3 bis 4 cm große, runde Tomate. Von außen perfektes Farbspiel. Innen normal hellrot. Sehr hoher und kräftiger Wuchs. Guter Geschmack. : Kann mehrtriebig gezogen werden.	images/Doucing_With_Smurfs.jpg
1204	Dr. Carolyn - Stabtomate	Stabtomate - Weiß bis hellgelb, aromatisch, ertragreich, nach Carolyn Male, aus “ Galinas “. : Die Früchte dieser Sorte sind sehr dickwandig, blassgelb, rund-oval, 3 cm groß und haben 2 Fruchtkammern.	images/Dr_Carolyn.jpg
1205	Durban I  (Südafrika)	Stabtomate - Eiförmige (8 cm lange), orangerote, glänzende, Stabtomate.\r\n \r\n : halbhohe und saftige Stabtomate.	images/Durban_I_aus_Suedafrika.jpg
1206	Earl of Edgecombe Orange	Stabtomate - Eine der schönsten Fleischtomaten. Relativ, drahtig wachsende Pflanze. Blätter relativ klein. Frucht reif bernstein-orangegelb, gerippt, mittelgroß bis groß, sehr fleischig, viele Fruchtkammern. Unreife Früchte von hellgelber Farbe. Ganz ungewöhnlich in der Farbe. Wunderschön.  Mittlerer Ertrag an etwa 140 g bis 180 g schweren Früchten. Soll aus Neuseeland stammen.	images/Earl_of_Edgecombe.jpg
1207	Earl of Edgecombe Red	Stabtomate - Eine der schönsten Fleischtomaten. Relativ, drahtig wachsende Pflanze. Blätter relativ klein. Frucht reif rot, gerippt, mittelgroß bis groß, sehr fleischig, viele Fruchtkammern. Unreife Früchte von hellgelber Farbe. Ganz ungewöhnlich in der Farbe. Wunderschön. Mittlerer Ertrag an etwa 140 bis 180g schweren Früchten. Soll aus Neuseeland stammen.	images/Earl_of_Edgecombe.jpg
1272	Himmelsstürmer	Stabtomate - Schmale, doch dickwandige Frucht, wie ein lang gezogener Roma-Typ, meist langer Hals und unten bauchig. Rote mit kurzer, stumpfer Spitze. 2 Fruchtkammern. Trägt gut und wird weit mehr als 3 Meter hoch. Dünn-drahtiger Wuchs. Sehr lange Internodien. Bleibt auch lange gesund. Die Pflanzen lassen sich auch mehrtriebig ziehen, was die immense Wuchshöhe erträglich macht.	images/Himmelsstuermer.jpg
1388	Micro Cherry	Buschtomate, Ampeltomate - Eine Buschtomate mit sehr langer, weit verzweigter, ausladender flach auf dem Boden wachsende Pflanze. Die Früchte sind kaum Murmelgroß, rot, rund hängen an üppigen, fächerartigen Trauben. Pro Ampel eine Pflanze.	images/Microcherry.jpg
1274	Hopkins Yellow	Stabtomate - Leicht gerippte, gelborange-rotgelb gefleckte Fleischtomate ohne Rippen. Mittelstark wachsend. Variable, meist hochrunde bis manchmal flache, recht große Frucht, die durchschnittlich 150 g wiegt, aber auch schwerer bis 400 g werden kann. Mildsüßer Geschmack. Im Freiland ab Anfang August reifend. Bei geschütztem Anbau sehr hoher Ertrag. Besticht vor allem durch die faszinierende farbliche Zeichnung der Frucht.	images/Hopkins_Yellow.jpg
1275	Hurma	Stabtomate - (Churma , Sharon) Mittelhohe, doch Stabtomate mit mittelgroßen, teils aber auch gigantischen, fleischigen, wunderschönen Früchten. Plattrund und kaum gerippt. Süß, mild-würzig und wohlschmeckend, fest und von intensiver gelb-orangerer Farbe. Für den Anbau unter Folie und Glas oder an einer Hauswand, da braunfäule- empfindlich. In warmen Sommern hoher Ertrag.	
1276	Ildi	Stabtomate - Cocktailtomate mit ovalen, gelben Früchten. Fächerförmige Fruchtstände, die wegen der langen Lagerfähigkeit der Früchte jeweils komplett abgeschnitten werden können. Ausgezeichneter, süß-aromatischer Geschmack. Massenträger, etwa 40 bis100 Früchte je Wickel.	images/Ildi.jpg
1277	Indian Moon	Buschtomate - Kleinfruchtige, leuchtend tiefgoldgelb bis orange Buschtomate von früher Reife ab Anfang Juli. Die Früchte sind rund. Normalblättrige, niedrige, relativ kleine Pflanze. Bei Überreife werden die Früchte rotfleckig.	images/Indian_Moon.jpg
1278	Ines Rote Eiertomate	Stabtomate - Ketschuptomate mit gesundem, hohem Wuchs und langer Ertragsdauer. Geschmacklich nicht überragend. Feste, mittelgroße und länglichovale Früchte. Ertragreich. Blätter relativ stabil gegenüber der Braunfäule - z. T. werden eher die Früchte befallen.	
1279	Isis Candy	Stabtomate - Kirschstabtomate 1,8 bis 2,0 m und höher mit sternförmig rotgelb gefleckten, kleinen Früchten. Runde, bis etwa platte Frucht im Durchmesser 2,5 bis 3 cm und 25 bis 30 g Gewicht. Dabei robust, süß und saftig. Das kräftige Laub steht relativ waagerecht. Sehr seltene Fruchtfarbe.	images/Isis_Candy.jpg
1280	Italienische Spaliertomate mit Spitze	Stabtomate, Spaliertomate - Die Pflanzen tragen am besten, wenn man sie am Spalier zieht. Sie können dann 2 m hoch werden. Viele kleine, breit tropfenförmige Tomatchen mit Spitze. Wachsen am besten an warmen und vor Regen geschützten Plätzen.	images/Italienische_Spaliertomate.jpg
1281	Jana Gelb	Stabtomate - Eiförmige, gelbe Früchte, 30 bis 50 g schwer. Höhe der Frucht etwa 50 bis 60 mm, Durchmesser etwa 40 mm. Leicht zu ernten. Eine platzfeste und einheitlich geformte, sehr empfehlenswerte Gartensorte.	images/Jana.jpg
1282	Jana Rot	Stabtomate - Eiförmige, rote Früchte, 30 bis 50 g schwer. Höhe der Frucht etwa 50 bis 60 mm, Durchmesser etwa 40 mm. Leicht zu ernten. Eine platzfeste und einheitlich geformte, sehr empfehlenswerte Gartensorte.	
1283	Japanisches Ei	Stabtomate - Eiförmige, gelbe Früchte, 30 bis 50 g schwer. Höhe der Frucht etwa 50 bis 60 mm, Durchmesser etwa 40 mm. Leicht zu ernten. Gut druck- und schnittfest. Wenig Kerne. 2 Fruchtkammern. Die Frucht ist oben schmaler und wird nach unten hin breiter. Schöne, Starkwachsende, dickwandige und Reichtragende Stabtomate. Eine platzfeste und einheitlich geformte, sehr empfehlenswerte Gartensorte.	images/Japanisches_Ei.jpg
1284	Japonskij Trüffel orange	Stabtomate - Eine japanische Sorte mit orange, großen Früchten in der Form eines Tabakbeutels. Kurios in der Form und in der Farbe. Wüchsige Sorte.	images/Japonskij_Trueffel_orange.jpg
1273	Holländische Pflaume	Stabtomate - Kuriose Stabtomate mit tropfenherzförmigen, roten Früchten. Teils breitbauchig, doch immer mit ausgezogener Spitze. Schlank und drahtig wachsend. Große, fächerförmige, büschelförmige Wickel mit meist 10 bis 25 Früchten von 30 bis 60 Gramm. Eine der lustigsten Sorten.	images/Hollaendische_Pflaume.jpg
1285	Japonskij Trüffel schwarz	Stabtomate - Eine japanische Sorte mit dunkelbraunen, großen Früchten in der Form eines Tabakbeutels. Kurios in der Form und in der Farbe. Wüchsige Sorte.	images/Japonskij_Trueffel_schwarz.jpg
1286	Jasnaja	Stabtomate - oval mit Spitze, fest, hoher und lang anhaltender Ertrag. Für diese russische Sorte kann man sich nur begeistern. Makellos in Farbe und Form, völlig problemlos und schnell ohne Siel zu ernten, große, zum Teil gegabelte, lange Fruchttrauben mit 8 bis 11 Früchten. Sehr einheitlich in der Sortierung. Guter Ertrag. Mittelfrüh. Gesunde, mannshohe, im Herbst äußerst kälteverträgliche Pflanzen.	images/Jasnaja.jpg
1287	Jaune des Andes	Stabtomate (Poivron Jaune) Orangerote bis goldfarbene, große Früchte etwa 80 g, bis 8 cm lang und 5 cm breit von spitzovaler „Andenhorn- Form“, wie Spitzpaprika (oben gleich klobiger, also eher keilförmig). Buschiger Typ mit jeweils 3 bis 5 Früchten je Traube. Am Blütenpol mit ausgezogener Spitze.	images/Jaune_des_Andes.jpg
1288	Jericas Gelbe	Stabtomate - Robuste Stabtomate. Große, gelbe Frucht gleich klobiger Paprikas. Viele Fruchtkammern. Stark gerippt. Guter Geschmack, teils hohle Früchte.	images/Jericas_Gelbe.jpg
1289	Johannisbeertomate (rote)	Stabtomate, Spaliertomate - Mehrtriebig zu ziehende Sorte, die selbst dann noch über 2m hoch wird. Früchte etwa 13 bis 15mm groß, glänzend rot! Früchte in oft einfachen, teils aber auch 1 bis 2x gegabelten Trauben von 20 bis 30cm lang. Süß-würzige, knackige Frucht. Platzfest. Wüchsig, gesund, früh und lang tragend. Ideale, recht robuste Naschsorte für Kinder und zur Dekoration.	images/Rote_Johannisbeertomate_2.jpg
1290	Junifreunde	- Ein Massenträger mit Früchten von rotbrauner Farbe. 30 bis 40g schwer, bis 45mm im Durchmesser. Feste Schale, relativ kleine, meist runde Früchte. Lang tragend trotz der frühen Reife. Erste Ernte ab Mitte Juli. Mittelhoher Wuchs. Süßlicher, schmelzender Geschmack.	images/Junifreude.jpg
1291	Kaki Coing	- Paprikatomate. Große, paprikaförmige, festfleischige, orangefarbene, mildaromatische, hohle Früchte.	images/Kaki_Coing.jpg
1292	Karaganda	Stabtomate - Diese Fleischtomate hat große orangerote bis rote Früchte. Sie ist fleischig und Kernarm.	images/Karaganda.jpg
1293	Karolewskij	Stabtomate - Roter Massenträger mit etwa 6,5cm großen Früchten. Wird etwa 1.8m hoch. Auch für Lagen mit kühler Witterung.	
1294	Kazhak Schalavije	Stabtomate - Diese alte Sorte stammt aus Kasachstan. Die goldenen Früchte haben rote Schultern. Darauf bezieht sich die Bezeichnung „Schalavije“, denn russische Frauen tragen im Winter gern einen roten Schal. Oft über 500g schwere geflammte Fleischtomate.	images/Kazhak_Schalowije.jpg
1295	Kelloggs Breakfast	Stabtomate - Große, abgeflachte, orange Fleischtomate von D. Kellogg aus Reford/Michigan. Reich tragend und ausgezeichnetes, süßes Aroma.	
1297	Kiev	- Würzige rote Sorte. Widerstandsfähig. Für den Anbau im Freiland und auch im Gewächshaus.	images/Kiev.jpg
1298	Kirschgroße Gelbe Traube	Stabtomate - Ein Massenträger mit gigantischen Klumpentrauben von teils mehr als 100 Früchten. Nahezu kirschgroß, gelb, leicht oval und gut platzfest. Saftig, würzig und süß schmeckend. Vermutlich eine verbesserte  . Meist über 2,00 m hoch wachsend. Relativ früh reifend.	images/Kirschgrosse_Gelbe.jpg
1299	Kleine schwarze Fleischtomate	Stabtomate - Stark gerippte, sehr platte Frucht von tiefrot-brauner Farbe. Viele Fruchtkammern. Stabtomate von mittelhohem Wuchs. Eine der dunkelsten Sorten.	images/Kleine_Schwarze_Fleischtomate.jpg
1300	Kuba	Stabtomate - Rot, birnenförmige, fest, reich tragend, geeignet für Pasta. Die hellroten, meist über 6cm langen und 4 cm starken Früchte sind eher pflaumen- als birnenförmig, am Blütenpol mit stumpfer Spitze. um 50 g, teilweise auch schwer. Sehr leicht ohne Stiel zu ernten. In der Regel keine Platzer und auch keine Risse. Eher Ketschup- und Salat-Tomate.	images/Kuba.jpg
1301	Lagertomate gelb-rot	Stabtomate - Eine Sorte mit eiförmigen, geflammten, kleineren Früchten. Sind bis zu 8 Monaten lagerfähig. Leider wenig Geschmack.	
1302	Lange dünne Bauerntomate aus Honduras	Stabtomate - Beachtliche mittelamerikanische Landsorte mit dünnen, langen, kleineren, roten Früchten. Sehr pflegeleichte Gartensorte, die vielfach gelobt wird. Etwas lockerer Wuchs, der vermutlich etwas vor Braunfäule schützt. Mittelhoher, doch zeitiger und beachtlich lang andauernder Ertrag. Gut platzfest.	images/Lange_duenne_Bauerntomate.jpg
1303	Lange Große Kubanische	Stabtomate - Rote Stabtomate mit länglicher Fruchtform. Riesige, längliche Keilform. Große und schlanke, spitze Paprikatomate. Sehr beachtliche und kuriose Sorte. Seltenheit. Die Sorte sollte am besten unter Dach an vollsonniger Stelle gezogen werden. Eine Sorte für den fortgeschrittenen Tomatenfreak und für Ausstellungen.	
1304	Liana Orange	Stabtomate - (Liana Orangewaja) Dünn keilförmig bis eher länglich-flaschenförmige Tomate von nicht sehr hohem Wuchs. Herrlich orange Farbe! Ideal zum Verkauf der schönen Früchte.	images/Liana_Orange.jpg
1305	Libanesische Bergtomate	Stabtomate - Kräftige Stabtomate mit bis zu 500g schweren, roten Früchten. Gutes Aroma. Wenig krankheitsanfällig. Mittelspäte Ernte ab etwa Mitte August aber dafür sehr lecker und guter Ertrag.	images/Libanesische_Bergtomate.jpg
1306	Lila Sari	Stabtomate - Wohlschmeckende bräunlich-tiefrote Stab-Fleischtomate. Die Fruchtfarbe ist eher olivgrün mit braunroten anteilen. Saftig, platt und sehr dunkel. Große, süß schmeckende Frucht von 150 bis 300 g. Für geschützte Standorte mit viel Sonne anbauen.	images/Lila_Sari.jpg
1307	Lillians Yellow Heirloom	Stabtomate - Hellgelbe, teilweise pinkt marmorierte, bis 500g schwere Fleischtomate aus Tennessee, außergewöhnlich reichhaltige, süße, zitrusartige Aromas, kartoffelblättrig. Eine Delikatesstomate, die nur wenig Samen enthält und deshalb kaum angeboten wird. Absolute Rarität.	images/Lillians_Yellow_Heirloom.jpg
1308	Lida Ukrainian	Stabtomate - Niedrige, rote Sorte. Wird im Freiland etwa 1,00 m hoch. Sehr ertragreiche Traube an Traube. Sehr wohlschmeckende, ukrainische Stabtomate. Frucht etwa 80 g bis 250 g meist kantig, platzfest.	images/Linda_Ukraina.jpg
1309	Livingstons Acme	Stabtomate - Eine glattschalige Tomate von Livingston & Co, USA 1875. Eine kleinere, pinkfarbene, plattrunde Fleischtomate, die kaum gerippt ist. Das Gewicht variiert: Früchte wiegen zwischen 80 g und 200 g. Die Frucht ist oben heller und oft mit grünen Flecken. Unten, am Blütenpol, dagegen rein pinkfarben. Geringe Rissneigung und keine Platzer. Auffällig wegen der Farbe. Mittlerer Ertrag und mittlerer Reifebeginn.	
1296	Kelloggs West Virginia	Stabtomate - Eine überaus Reichtragende Stabtomate. Normalblättrig. Die Früchte sind rot, meist rund, aber auch zum Teil abgeflacht oder leicht gerippt.	images/Kelloggs_West_Virginia.jpg
1310	Livingstons Favourite	Stabtomate - Eine pinkfarbene, plattrunde Fleischtomate, die kaum gerippt ist. Früchte wiegen zwischen 150 g und 200 g. Die Frucht ist rot- pinkfarben. Geringe Rissneigung und keine Platzer. Auffällig wegen der Farbe. Guter Ertrag und mittlerer Reifebeginn.	images/Livingstons_Favorite.jpg
1311	Livingstons Magnum	Stabtomate - Rotpink, mittelgroß, wohlschmeckend, kartoffelblättrig, alte Sorte. Die scharlachrote, mittelgroße Fleischtomate ist saftig und hat etwa 6 Fruchtkammern mit vielen Samen gut platzfest, wenig gerippt, etwas plattrund. Gewicht: Meist über 100 g schwer. Größe: Durchmesser meist über 6 cm. Sehr schön gefärbt. Stämmig und mittelgroß wachsend.	images/Livingstons_Magnum.jpg
1312	Lutescent	- Eine sehr langsam reifende (es dauert mehrere Wochen) Stabtomate, von gelblich-cremefarben nach rot gefärbte, mittel hohe, kräftige Stabtomate. Flachrunde bis platte, leicht gerippte Früchte, gelbgrünes Laub und weißgelbe Blüten. Größe etwa 6 cm bis 7 cm im Durchmesser, 70 g bis 100 g schwer. Kurios, doch etwas spät. Die Früchte reifen ab Mitte August, die meisten aber erst im September und Oktober. Nur Anbau unter Glas sinnvoll.	images/Lutescent.jpg
1313	Plum Lemon	Kuriose, mittelhohe Stabtomate. Zitronengelbe und Zitronenförmige Früchte mit Spitze, die in üppigen, breiten Trauben hängen. Meist zwei Fruchtkammern. Innen hohl, dicke Fruchtwand. Absolut platzfest und gut lagerbar. Zwischen 50 und 80 g schwer, durchschnittlich 55 g. Mittlerer Ertrag. Reife ab Mitte August. Gut zum Füllen geeignet.	images/Plum_Lemon.jpg
1314	Polnischer Riese	- Eine große, vielkammerige, dunkel lilarot- himberfarbige Stabtomate aus Polen mit runden, nicht gerippten Früchten. Sehr kräftige und wüchsige, kartoffelblättrige Pflanzen. Durchschnittliches Fruchtgewicht etwa 300 g. Durchmesser etwa 11 cm. Sehr guter, süß-saftiger Geschmack. Kleine Fruchtkammern, wenige Samen.	images/Polnischer_Riese.jpg
1315	Poma Amoris	- Eine niedrige Stabtomate von etwa 1,2 m mit gelben 10 bis 50 g schweren mild schmeckenden Früchten.	
1316	Pomodore di Cantenna	- Platte Fleischtomate. Eine mittelgroße bis große rot- bordeaux farbene Fleischtomate mit platten, gerippten Früchten und mit extrem wulstig-großem Nabel am Blütenpol. Ungewöhnliche Fruchtform. Sehr schöne Form und Farbe. Hohe Pflanze von rund 2,5 m. Frucht wird bis 9 cm im Durchmesser, dabei 5  bis 6 cm hoch. Gewicht in etwa 200 g. Wenig Platzer und Risse.	images/Pomodore_di_Cantenna.jpg
1415	Tim´s Black Ruffled	Stark gerippte, sehr platte Frucht von tiefrot-brauner Farbe. Viele Fruchtkammern. Stabtomate von mittelhohem Wuchs. Eine der dunkelsten Sorten.	images/Tums_Black_Ruffled.jpg
1462	Romarzano	- Eine rote Marktomate mit dicken Fruchtwänden für Ketschup, Suppen und Salate.	images/Romarzano.jpg
1463	Rosovij Zunami	- Eine rosarote Fleischtomate von etwa 200 bis 300 g Gewicht. Ertragreiche Sorte. Saftig und Lecker.	images/Rosovij_Zunami.jpg
1464	Rotauge	- Runde, rote Stabtomate mit etwa 4 bis 5 cm großen Früchten. Meist 2 Fruchtkammern. 6 bis 9 Früchte je Wickel. Relativ früh im Ertrag. Sehr hoher Ertrag an festen Früchten gleichmäßiger Sortierung.	
1465	Rotes Birnchen	- Stabtomate mit roten, oval-birnenförmigen Früchten von etwa 8 g. Früchte hängen in Trauben von bis zu 12 Früchten.\r\n \r\n Alte deutsche Obsttomate. Süßer und aromatischer Geschmack.	images/Rote_Birne.jpg
1466	Rote Perle	- Kleine, runde, sehr dunkle, rote Obsttomate. Eine der wenigen dunkelroten, kleinfruchtigen Sorten. Die 2 cm großen Früchte hängen in einfachen Trauben zu 8 bis 10 Stück. Saftig und würzig im Geschmack. Mittelhoher Wuchs.  Liebhabersorte. Sehr platzfest.	images/Rote_Perle.jpg
1467	Rote Sarah	- Mehrkammerige, platte und saftige Stab-Fleischtomate mit einigen Rippen. Hell bis mittelrot. Für Freiland und Gewächshaus. Interessante, oft verschieden geformte Früchte.	images/Rote_Sarah.jpg
1468	Rote Traube	- Eine Obsttomate mit bestem Geschmack. Runde mittelrote Frucht von etwa 11 bis 14 g, doch variabel. Saftig, sehr wüchsig, Ende Juli oft schon 2 m hoch. Mittelfrühe Reife ab Anfang August. Meist mehrfach gegabelte, lange Wickel mit jeweils 20 bis 30 Früchten.	images/Rote_Traube.jpg
1469	Rote Zora	- Eine hohe Stabtomate bis 2,5 m. Die Früchte sind Eiförmig bis tonnenförmig, rosarot bis weinrot, etwa 5 bis 7 cm lang und 3 bis 5 cm breit, hängen in großen Trauben von 6 bis zu 9 Früchten je Wickel. Guter Ertrag.	images/Rote_Zora.jpg
1470	Roter Batzen	- Hochwachsende Stabtomate mit wohlschmeckenden, roten Früchten, die besonders an den unteren beiden Fruchtständen eine stark uneinheitliche Form aufweisen. Nach oben hin werden die Früchte einheitlicher. Sonniger Standort, wenig Wasser und geringe Düngergaben fördern den bereits genetisch bedingten guten Geschmack.	images/Roter_Batzen.jpg
1471	Rotes Herz	- Kuriose Stabtomate mit tropfenherzförmigen, roten Früchten. Teils breitbauchig, doch immer mit ausgezogener Spitze. Schlank und drahtig wachsend. Große, fächerförmige, büschelförmige Wickel mit meist 10 bis 25 Früchten von 30 bis 60 Gramm. Eine der lustigsten Sorten.	images/Rotes_Herz.jpg
1461	Rio Grande	- Eine eiförmige, sehr dickwandige und lagerfähige Tomate aus Bolivien. Ketschup Typ. Niedriger Wuchs ca. 1 bis 1,4 m. Mild im Geschmack und platzfest. Leicht zu ernten. Trotz der Höhe sehr guter und lang andauernder Ertrag.	images/Rio_Grande.jpg
1472	Rotes sibirisches Ei	- Eine rot fruchtige Ketschup-Tomate mit guter Widerstandsfähigkeit gegen Braunfäule. Kräftiger Wuchs über 2 m mit dickem Haupttrieb. Größe der Frucht etwa 8 x 4 cm. Ovale Form. Sehr fest und lange Lagerfähig.	images/Rotes_Sibirisches_Ei.jpg
1473	Rot-Gelb-Gestreifte Party	- Eine rot-gelb gestreifte, runde Obsttomate. Sehr saftig und wohlschmeckend. Durchmesser ca.2cm. noch nicht stabil.	
1474	Rot-Gestreifte	- Herrlich geflammte, rote, deutlich gestreifte Stabtomate. Runde Frucht von etwa 40 bis 50 Gramm. Sehr schön und wohlschmeckend. Mittlerer Ertrag.	
1475	Rotkäppchen	- Fast vollkommen platzfeste, kartoffelblättrige, rote Buschtomate mit mittelgroßen, flachrunden Früchten. Sicherer Ertrag. Reife Anfang August.	
1476	Rotorange Galapagos Wildtomate	- Kleine, ovale, meist birnenförmige Wildtomate mit Spitze. Etwa 4 Gramm. Gigantische büschelförmige Wickel. Soll von den Galapagos-Inseln stammen und salzverträglich sein. Massenträger, hat ca. 100 bis 150 Tomaten je Wickel.	images/Rotorange_Galapagos.jpg
1477	Runde Peh Orange	- Starkwachsende Stabtomate mit üppigen Fruchttrauben. Flachrund bis platt, mittelgroße bis große, mittelrot bis rotorange Früchte mit mittlerer Rippung. Bis 200 g schwer. Durchmesser bis 10 cm. Gut für das Freiland geeignet. Reich tragend.	images/Runde_Peh_Orange.jpg
1478	Runde Peh Rot	- Starkwachsende Stabtomate mit üppigen Fruchttrauben. Flachrund bis platt, mittelgroße bis große, mittelrote bis scharlachrote Früchte mit mittlerer Rippung. Bis 200 g schwer. Durchmesser bis 10 cm. Gut für das Freiland geeignet. Reich tragend.	images/Runde_Peh_Rot.jpg
1479	Verna Orange	Orange Stab-Fleischtomate aus Indiana (USA) mit keil- bis herzförmigen Früchten. Süßsauer und wohlschmeckend.	images/Verna_Orange.jpg
1480	Vinitage Wine	Eine der wenigen Fleischtomate mit geflammten Früchten. Rot mit Gelb. Aus Russland.	images/Vintage_Wine.jpg
1481	Violette Fleischtomate	(Dunkelviolette Fleischtomate, Indische Fleisch) Eine Stabtomate mit hervorragendem Geschmack! Die Fruchtfarbe ist eher olivgrün mit braunroten, fleischfarbenen Anteilen. Mittelgroße, meist hochrunde Früchte mit durchschnittlich 140 g und 3 bis 5 Fruchtkammern. Sehr saftreich. Gute Erträge nur in geschützter Lage. Soll aus Indien stammen.	images/Violette_Fleischtomate.jpg
1482	Wapsipinicon Peach	Eine Stabtomate mit cremeweißen runden Früchten. Diese Sorte gehört zu den Pfirsichtomaten. Die Tomaten sind leicht behaart.	images/Wapsipinicon_Peach.jpg
1483	Weißbehaarte	Sehr schöne, etwas kleinfruchtige, runde Stabtomate bis 2,5 m mit fein behaarten Früchten. Weißgelbe, fast weiße, sehr seltene Fruchtfarbe. Relativ platzfest und gesund wachsend. Früh bis mittelfrüh. An geschützten Stellen oft schon vor Mitte Juli reif. Kuriosität! Saftig und mild-süß.	images/Weissbehaarte.jpg
1484	Weiße Mirabelle	“Mirabell weiß” Viele gelbweiße, ziemlich kleine Früchte bringt diese mittelhohe Stabtomate hervor. Sehr seltene Sorte, die leider erst mittelspät trägt. Die Früchte haben mehrere Fruchtkammern und sehen wie weiße Miniatur-Fleischtomaten, also leicht plattrund aus. Geschmack mild-obstig bis fruchtig. Geschützter Anbau ist wichtig.	images/Weisse_Mirabelle.jpg
1485	Weißes Ochsenherz	Diese Ochsenherztomate ist die einzige mit weißen Früchten. Extrem fleischige und auch große Frucht. Relativ frühe Reife.  Eine Sorte, die aus Belgien stammt.	images/Weisses_Ochsenherz.jpg
1486	Weißleinchen	Kuriose Obsttomate mit üppigen Trauben dicht beieinander sitzender Früchte. Die Farbe der etwa 2 cm großen und runden Früchte ist cremeweiß. Für Spalieranbau geeignet.	
1318	Ponderosa Golden	- Kräftige Stabtomate mit mittelgroßen bis sehr großen, wohlschmeckenden gelborange Früchte mit roter Flammung.  Alte Sorte aus Virginia. Platt und oft stark gerippt. Gewicht von 200 bis 500 g. Seltene Fruchtfarbe.	images/Ponderosa_Golden.jpg
1319	Prize of the Trial	- Eine der schönsten orangefarbigen Stabtomaten. Die Früchte sind nicht immer gleichmäßig groß, doch herrlich orange durchfärbt. Meist rund bis etwas platt. Mittelgroße, in der Tendenz aprikosengroße Frucht. Mittelhoher Wuchs.	images/Prize_of_the_Trial.jpg
1320	Purple Price	Eine Pflanze mit runden und sehr dunklen braunroten Früchten, oben mit schwacher, bis zur Fruchtmitte reichender Kappe. Gewicht variiert und schwankt zwischen 80 und 150 g. Viele Fruchtkammern. Mittelfrüh reifende und hoch wachsende Stabtomate. Guter mild-süßer Geschmack.	images/Purple_Prince.jpg
1321	Purple Smudge	- Rund, rot-purpurn gefleckt, sehr aromatisch, 300g, langer, hoher Ertrag. Eine sehr ungewöhnlich gefärbte Frucht, hellere und dunklere Flecken, die sich ohne System abwechseln. Tendenziell ist die recht dunkle Frucht aber purpurn bis weinrot mit vom Stielansatz her mehr oder weniger intensiven dunkelgrünen Streifen. Feste Frucht. Guter Ertrag. Kaum Platzer.	images/Purple_Smudge.jpg
1322	Purpur Kalebasse	- Stark gerippte, sehr platte Frucht von tiefrot-brauner Farbe. Viele Fruchtkammern. Stabtomate von mittel hohem Wuchs. Eine der dunkelsten Sorten.	images/Purpur_Kalebasse.jpg
1323	Mirabelle Blanche	Stabtomate - “Mirabell weiß”  Viele gelbweiße, ziemlich kleine Früchte bringt diese mittelhohe Stabtomate hervor. Sehr seltene Sorte, die leider erst mittelspät trägt. Die Früchte haben mehrere Fruchtkammern und sehen wie weiße Miniatur-Fleischtomaten, also leicht plattrund aus. Geschmack mild obstig bis fruchtig. Geschützter Anbau ist wichtig.	images/Mirabelle_Blanche.jpg
1324	Miss Kennedy	Stabtomate - Eiförmig-ovale bis rundliche, sehr dunkle Stabtomate mit olivfarbener, geflammter Kappe. Sehr reich tragende und schöne Sorte. Die Kappe ist sonnenseits stärker ausgeprägt, ebenso die dunkle Farbe. Feiner süßer Geschmack, wenig Säure, obstartig. Schmelzendes Fruchtfleisch.	images/Miss_Kennedy.jpg
1325	Moneymaker	Stabtomate - Hellfruchttyp mit üppigem Fruchtbehang, teils büschelige Trauben mit bis zu 12 Früchten. Mittelgroße 55 mm, runde Früchte von roter Farbe mit 2 Fruchtkammern und ohne Grünkragen. Bis 80 g je Frucht sind möglich. Massenträger. Ideal für Freiland.	
1326	Mc-Mullen Rose	Stabtomate - Rosarote, Wohlschmeckende Früchte, die bis 100 g wiegen können. Früher und lang anhaltender Ertrag. Robuste Pflanzen. Historische Sorte aus den USA.	images/Mc_Mullen_Rose.jpg
1327	Old German	Stabtomate - Bis 400 Gramm schwere, runde, abgeflachte, gelb-orange Früchte. Sehr aromatisch. Eine der besten zweifarbigen Sorten. Am deutlichsten wird die Zweifarbigkeit bei aufgeschnittenen Früchten. Sehr viele Fruchtkammern. Höchst dekorative und ungewöhnliche Sorte.	images/Old_German.jpg
1328	Mission Dyke	Stabtomate - Goldorange, wüchsige Fleischtomate. Plattrund, selten gerippt, bis 300g schwer.	images/Mission_Dyke.jpg
1317	Pomodoro	Platte Fleischtomate. Eine mittelgroße bis große rot- bordeaux farbene Fleischtomate mit platten Früchten und mit extrem wulstig-großem Nabel am Blütenpol. Ungewöhnliche Fruchtform. Sehr schöne Form und Farbe. Hohe Pflanze von rund 2,5m. Frucht wird bis  9cm im Durchmesser, dabei 5 bis 6cm hoch. Gewicht in etwa 200g. Wenig  Platzer und Risse.	images/Pomodore.jpg
1329	Morano	Stabtomate - Eine Stabtomate mit orangegelben, runden, sehr glatten und glänzenden Früchten.	images/Morao.jpg
1330	Morning Love	Stabtomate - Kleinfruchtige Sorte mit pflaumenförmigen, dickwandigen, knackigen Früchten von glänzend, roter Farbe. Sehr hoch wachsend etwa 2 bis 2,5 m. Die Pflanze kann auch mehrtriebig, bzw. am Spalier gezogen werden.	images/Morning_Love.jpg
1331	Mrs.Pinky	Stabtomate - Pink, köstlich süßsaftig, 50 bis 200 Gramm. Wird sehr hoch. Gesundes Wachstum..	images/Mrs_Pinky.jpg
1332	Multi Color	Stabtomate - Sehr große Fleischtomate mit orangegelben Früchten, die rot marmoriert, gefleckt sind. Kräftig wachsende Sorte, die höchst ungewöhnlich gefärbte, matt glänzende Früchte hervorbringt. Auch beim Durchschneiden der Frucht zeigt sich die Mehrfarbigkeit. Das Zentrum ist orangerot, die Fruchtwände und Samenkammern sind gelb. Die bis 400 g schwer werdenden Früchte sind nur mit der Schere zu ernten.	images/Multi_Color.jpg
1333	Nebrasca Wedding	Stabtomate - Große, 150 bis 200 g schwere, gold- bis goldorangefarbene Früchte. Alte, sehr beliebte Sorte mit hochrunden bis runden, teilweise auch leicht platten, saftigen Früchten mit besten Geschmackseigenschaften. Anfällig für Blütenendfäule, daher Pflanzen gleichmäßig mit Wasser versorgen und im Winter etwas Kalk streuen. Kaum Platzer oder Risse. Hohe kräftige Pflanze.	images/Nebrasca_Wedding.jpg
1334	Nigeria	Stabtomate - Kleine rotfruchtige Fleischtomate von 50 bis 100 g. Hoch wachsend und gesund. Kaum Platzer oder Risse. Hohe kräftige Pflanze.	images/Nigeria.jpg
1335	Nothern Lights	Stabtomate - Frühe, gelb-rosa Fleischtomate. Sehr große, bis 500 g, platte Frucht, die im grünen Zustand von dunkelgrünen Streifen überzogen ist. Mehr oder weniger gerippt. Ertragreich in warmen Sommern. Sehr aromatisch. Ideal für Südwände.	images/Northern_Lights.jpg
1336	Olympisches Feuer	Stabtomate - Runde, wunderschön rot-goldfarben geflammte Sorte aus Russland. Sehr ertragreich und wohlschmeckend. Für alle Verwendungszwecke geeignet. In warmen Sommern ein Massenträger.	images/Olympisches_Feuer.jpg
1337	Old Ivory Egg	Stabtomate - Rote fast runde, saftig-süße Stabtomate. Ertragreich und gesund wachsend.	images/Old_Ivory_Egg.jpg
1338	Old Wyandotte Orange	Stabtomate - Große, gelborange Stab-Fleischtomate von würzigem Geschmack. Eine sehr hoch wachsende richtig leckere Tomate. Erste Ernte ab etwa Mitte August.  Früchte bis ca. 500 Gramm.	images/Old_Wyandotte_Orange.jpg
1339	Old Wyandotte Red	Stabtomate - Große, rote Stab-Fleischtomate von würzigem Geschmack. Eine sehr hoch wachsende richtig leckere Tomate. \r\n \r\n Erste Ernte ab etwa Mitte August. Früchte bis ca. 500 Gramm.	images/Old_Wyandotte_Red.jpg
1340	Old Yellow Candystriped	Stabtomate - Kräftig wachsende, ca. 2,1 m hohe Stabtomate mit herrlich gelben bis knallgelben, unterschiedlich geformten Früchten. \r\n \r\n Ein Teil ist rund, ein anderer gerippt.	images/Old_Yellow_Candystriped.jpg
1341	Olympische Flamme	Stabtomate - Runde bis Plattrunde, wunderschön rot-goldfarben geflammte Sorte aus Russland.  Fleischig oft zwischen 200 und 300 Gramm.	images/Olympische_Flamme.jpg
1209	El Salvador 1 u. 5	flaschenförmige Auslese Stabtomate - Langgestreckte, etwa 7 cm lange, flaschenförmige Früchte von roter bis scharlachroter Farbe. Unten mit stumpfer Spitze. Sehr leicht zu prüfen. Kuriose Sorte. Gewicht etwa 30-35 g. Wuchshöhe etwa 1,80 m.	images/El_Salvador.jpg
1210	Elbe Braun	Stabtomate - Alte deutsche kartoffelblättrige Stab-Fleischtomate mit flachrunden, mittelgroßen, dunkelroten bis braunen Früchten.  Wuchshöhe: Höhe etwa 1,80 m bis 2,20 m	images/Elbe.jpg
1211	Elberta Girl	Stabtomate - Exotische Stabtomate, die vollkommen mit einem haarigen Pelz übersät ist- und zwar sowohl die Früchte als auch Blätter und Stängel! Zusätzlich sind die Früchte gelb-rot gestreift. Die Pflanzen sind mittelhoch und locker im Wuchs. Die fleischigen, oft 100 g schweren Früchte sind länglich bis herzförmig und haben meist 3 Fruchtkammern. Eine echte Rarität für den erfahrenen Tomatenfan. Braunfäuleanfällig durch die Behaarung.	images/Elberta_Girl.jpg
1212	Elfenbein Ei	Stabtomate - Amerikanische Sorte mit eiförmigen, elfenbeinfarbenen Früchten. Gesund im Wuchs. Sehr guter Ertrag. Hoch wachsend bis etwa 2,20 m. Früchte ca. 6 cm bis 7cm hoch und 3 cm bis 4 cm im Durchmesser.	images/Elfenbein_Ei.jpg
1213	Emeraude	Stabtomate - Groß fruchtige, grüngelbe Stab-Fleischtomate aus Frankreich mit vielen Fruchtkammern. Mittelhoher Ertrag. Sehr süß wie sehr aromatisch schmeckend. Starker Wuchs von etwa 1,70 m bis 2,00 m.	images/Emeraude.jpg
1214	Extra Erly	Stabtomate - Obsttomate von mittlerer Höhe (etwa 1,80 m ). Rote Frucht von ovaler Form, etwa 32 mm hoch und 28 mm breit. Gewicht etwa 15 g. Eine Sorte von besonders früher Reife ab Mitte Juli und mit zarter Schale. Trauben von bis zu 22 Früchten. Platzfest, ohne Stiel zu ernten. Feste, haltbare Frucht. Gute Sorte für einen Frühertrag.	images/Extra_Early.jpg
1215	Evergreen	Stabtomate - Gerippte gelbgrüne Fleischtomate mit grün schimmerndem, smaragdgrünem Fruchtfleisch. Aromatisch und süß schmeckend. Die Früchte wiegen oft über 200 g, sind platt und nicht übermäßig gerippt. Bei Reife oben vom Stielansatz her immer noch grün, vom Blütenpol her gelborange. Die Fruchtstände sind oft sehr üppig, fächerförmig verzweigt und sollten  etwas ausgedünnt werden (kleine und unförmige Früchte wegschneiden). Eine kuriose Stabtomate, die mittelfrüh reift, hoch und oft überaus  stark wächst. Herkunft: USA.	images/Evergreen.jpg
1216	Fablonelystnyj	Stabtomate - Eine Miniatur-Fleischtomate, die nur 18-20 g wiegt. Die Frucht hat meist 3 Rippen, 3 bis 4 Fruchtkammern und ist plattrund. Durchmesser 3 bis 4 cm. Höhe der Frucht etwa 25 mm. Meist einfache, teils aber auch 1x gegabelte Fruchtstände 6 bis 10 Früchte je Wickel. Eine Sorte mit sehr kräftigem, stabilem Wuchs (oft über 2,50 m) und  Kräftigem Haupttrieb. Dennoch lockerer Wuchs. Gesund und  widerstandsfähig gegen Krankheiten. Höherer Ertrag bei mehrtriebiger  Erziehung am Spalier oder an 2 bis 3 Stäben. Kuriose, robuste Sorte mit schönen, leuchtenden Früchten.	images/Fablonelystnyj.jpg
1217	Figaro	Stabtomate - Bis 400 g schwere, runde, abgeflachte, gelb-orange Früchte mit rotem Zentrum. Sehr aromatisch. Eine der besten zweifarbigen Sorten. Am deutlichsten wird die Zweifarbigkeit bei aufgeschnittenen Früchten. Sehr viele Fruchtkammern. Höchst dekorative und ungewöhnliche Sorte.	images/Figaro.jpg
1218	Fonarik	Stabtomate - Gelborange, lang gestreckt, eiförmig mit Spitze. Die Fruchtform ist eckig-oval, zum Blütenpol hin etwas verjüngt, dann folgt ein Nippel einer Brustwarze gleich, der an der Basis manchmal etwas eingesunken ist. Bei vollreife geht die gelbe Farbe in ein herrliches Orange über. Die Frucht hat einen Durchmesser von 4 - 4,5 cm und ist zwischen 5 und 7  cm lang, 2 Fruchtkammern, eine dicke Mittelachse und eine dicke  Fruchtwand. Eine begehrte und schöne Stabtomate.	images/Fonarik.jpg
1208	Ei von Phuket	Stabtomate - (Pink Plum) Eine der ungewöhnlichsten Stabtomaten überhaupt. Die zunächst wässern-gelblichen, länglich-eiförmigen Früchte wandeln ihre Früchte wandeln ihre Farbe von Hellrosa in Pink. Diese Sorte fällt im Garten zwischen anderen Tomaten aufgrund der Fruchtfarbe sofort auf. Es entwickeln sich Trauben von 8 bis 14 Früchte zu je 25g. Kräftiger, gesunder Wuchs. Von der Insel Phuket im Andamanischen Meer. Trotz der tropischen  Herkunft sicher und gut in unserem Klima wachsend. Reife ab Ende Juli.  Guter Ertrag. Stabile und platzfeste Frucht.	images/Ei_von_Phuket.jpg
1219	Frisco Fog	Stabtomate - Roter Massenträger mit etwa 6,5 cm großen Früchten. Wird etwa 1.80 m hoch. Auch für Lagen mit kühler Witterung.	images/Frisco_Fog.jpg
1220	Frühzauber	Stabtomate - Frühe und Reichtragende rote Stabtomate mit runden bis leicht plattrunden Früchten. Am Stielansatz leicht kantig. Mittelgroß, etwa 45 bis 60 g, schön durchfärbt, mild und saftig. Kräftiger Wuchs von etwa 2,10 m. Gute Gartensorte mit Trauben von 6 bis 8 Früchten. Lange Vegetationsdauer bis zum Frost, trotz der frühen Reife.	images/Fruehzauber.jpg
1221	Fucco d´ Oro Cream	Stabtomate - (Feuergold) Glasiggelbe, sehr Reichtragende Stabtomate aus der Toskana mit extremen platten Früchten und von mittelhohem bis hohem Wuchs. Ist eine Sorte für Sammler kurioser Tomaten. Sehr selten kommen so platte Früchte bei gelben Sorten vor. Auch das glasige, durchschimmernde Gelb ist sehr selten. Kleinere Fleischtomate von etwa 60-80 g. Sehr guter Wuchs. : Früchte nicht zu spät ernten, sie werden sonst matschig. Ernte Beginn ab Ende Juli. Früchte mit Stiel abschneiden.	images/Fucco_dOro_Feuergold.jpg
1222	Fucco d´ Oro Red	Stabtomate - Unförmige, flache, ungewöhnliche, Mittel- bis dunkelrote Stabtomate. Reich tragend. Recht platzfest. Verträgt keinen Regen.	
1223	Gaio de Melon	Stabtomate - Eine Kirschtomate mit zweifarbigem Fleisch. Sie ist gelbrot geflammt, ca.2 cm im Durchmesser. Sehr stark und hoch wachsende Pflanze. Ist für ein Spalier sehr geeignet. Kleine kurze Trauben. Liebhaberpflanze.	images/Gaio_de_Melon.jpg
1224	Gelbe Galapagos - Wildtomate	Stabtomate - Kleine, ovale, meist birnenförmige Wildtomate mit Spitze. Etwa 4 Gramm. Gigantische büschelförmige Wickel. Massenträger, hat ca. 100 bis 150 Tomaten je Wickel. Soll von den Galapagos-Inseln stammen und salzverträglich sein.	images/Galapagos_Wildtomate.jpg
1225	Galina	Stabtomate - (Galinas´ Sibirian Cherry) Rarität. Eine der Widerstandsfähigen, gelben Stabtomaten mit kartoffelblättrigem Laub. Sehr schmaler, aufrechter wuchs. Wird bis 2,70 m hoch. Saftig, reich- und lang tragend. 8 bis 13 Früchte je Traube. Die runden Früchte sind glänzend mittelgelb, sehr fest und wiegen etwa 11 bis 15 g. Durchmesser etwa 28 mm. Erste Ernte ab Mitte Juli.	images/Galinas_Sibirian_Cherry.jpg
1230	Gelbe, Langtraubige Johannisbeertomate	Spaliertomate, Wildtomate  Klein fruchtige Stabtomate mit runden, ovalen und teils auch länglichen, etwa 3 bis 4 g schweren Früchten in ungewöhnlich langen, oft weit über 30 cm, ungefächerte Trauben zu je 22 bis 30 Früchten. Die Hochwachsenden 2,5 m und mehr, locker aufgebauten Pflanzen bringen  bei Spaliererziehung einen hohen Ertrag und reduziert das Höhenwachstum.	images/Gelbe_langtraubige_Johannisbeertomate.jpg
1231	Gelbe Perle	Stabtomate - Kleine, runde, sehr grell, leuchtende gelbe Obsttomate. Eine kleinfruchtige Sorte. Die 2 bis 3 cm großen Früchte hängen in einfachen Trauben zu 8 bis 10 Stück. Saftig und würzig im Geschmack. Mittelhoher Wuchs. Liebhabersorte. Sehr platzfest.	images/Gelbe_Perle.jpg
1232	Gelber Favorit	Stabtomate - Sehr schöner, herrlich gelber Massenträger. Süßsaure bis mild schmeckende Stabtomate von mittlerem wuchs bis 2,00 m und mit etwa 50 bis 65 g schweren Früchten. Sehr einheitliche Sortierung, 2 bis 3 Fruchtkammern, manchmal leicht hochrund, sonst völlig rund, fest und saftig. Beachtlich platzfest.	
1233	Gelbes Herz	Stabtomate - Gelbe Riesenfleischtomate. Mittelhoher Wuchs. Bis 500 Gramm schwer. Große, glatte, meist nicht gerippte Frucht. Aus Russland. Pro Wickel nur 2 bis 3 Früchte belassen.	images/Gelbes_Herz.jpg
1234	Geogien 2	Stabtomate - Sorte von einem Berghof in Georgien. Eine flachrunde rosarote bis rote Stabtomate. Sie ist flachrund, schwach gerippt am Ansatz, mittelfrüh reifend und etwa 100 g schwer.	images/Gerorgien_2.jpg
1235	Georgia  Streak	Stabtomate - Goldgelb, pink gefleckt, süßfruchtig köstlich, groß, reich tragend, früh. Eine der kuriosesten und schönsten Fleischtomaten überhaupt. Die plump herzförmige Frucht hat eine goldorange Grundfarbe und eine orangerote Flammung. Gewicht etwa 80. Sehr glatte Haut, schnittfeste Frucht. Nur mit Stiel zu Ernten. Rarität.	images/Georgia_Streak.jpg
1236	Gestreifte Birnenförmige aus Sibirien	Stabtomate - Mittelhohe Stabtomate mit eher kurios-herzförmigen, oft beutelförmigen, mittelgroßen Früchten, die Rippen haben und im Grünstadium dunkelgrüne Streifen aufzeigen. Meist 70-100 g.	
1226	Geflammte Paprikaförmige	Stabtomate - Füll- oder Paprikatomate, paprikaförmige, hell- bis mittelrote Früchte mit gelben Streifen. Mittelgroß, meist hohl und mit dicker Fruchtwand. Gerippt. Mittelspät, doch lang und reich tragend. Unter Glas sehr hoher Ertrag mit teils riesigen Früchten. Rarität, da mehrere seltene Eigenschaften zusammenkommen. Zum Füllen wie Paprika oder Salate. Dekorative Sorte.	images/Geflammte_Paprikafoermige.jpg
1227	Gelbes Birnchen	Stabtomate - Yellow Pershaped Stabtomate mit gelben, oval-birnenförmigen Früchten von etwa 8 g. Früchte hängen in Trauben von bis zu 12 Früchten.\r\n \r\n Alte deutsche Obsttomate. Süßer und aromatischer Geschmack.	images/Gelbe_Birne.jpg
1228	Gelbe Dattelweintomate	Stabtomate - Stabtomate mit gelben, oval-birnenförmigen Früchten von etwa 5 g. Früchte hängen in Trauben von bis zu 80 Früchten. Alte deutsche Obsttomate.  Süßer und aromatischer Geschmack.	images/Gelbe_Dattelweintomate.jpg
1229	Gelbe Saure	Stabtomate, Spaliertomate - Wahrscheinlich eine Wildtomate mit extremen Wuchs-Eigenschaften. Sehr hoch bis 4,00 m bei eintriebiger Erziehung. Sehr viele Trauben mit kleinen ca.1,5 cm großen gelben Tomaten. Leider wie der Name schon sagt sehr sauer. Freies Wachstum am Spalier ohne ausgeizen bringt mehr Ertrag.	
1237	Gezahnte Stabtomate  -  (Zahnrad)	Tief gefurchte, rote Stabtomate. Sehr selten. Ovale tonnen-förmige Frucht, z. T. mit Hohlräumen und wenig Samen. Milder Geschmack. Guter Ertrag bei warmem Standort. Diese Sorte ist derart stark gerippt, dass die in Scheiben geschnittene Frucht sternförmig aussieht. Begehrte Rarität.	images/Gezahnte.jpg
1238	Giant White Beefsteak	Stabtomate - Eine Fleisch-Stabtomate mit cremefarbenen, großen, flachrunden Früchten von bestem, süßsäuerlichem Geschmack.	images/Giant_White_Beefsteak.jpg
1239	Gloria	Stabtomate - Eine der schönsten Fleischtomaten. Relativ, drahtig wachsende Pflanze. Blätter relativ klein. Frucht reif bernstein-orangegelb, gerippt, mittelgroß bis groß, sehr fleischig, viele Fruchtkammern. Unreife Früchte von hellgelber Farbe. Ganz ungewöhnlich in der Farbe. Wunderschön. Mittlerer Ertrag an etwa 140 bis 180 g schweren Früchten. Herkunft: Soll aus Neuseeland stammen.	images/Gloria.jpg
1240	Glücklicher Mond	Stabtomate - (Mondbegeisterung) Gelbe Riesenfleischtomate. Mittelhoher Wuchs. Bis 500 Gramm schwer. Große, glatte, meist nicht gerippte Frucht. Pro Wickel nur 2 bis 3 Früchte belassen. Herkunft: Aus Russland.	images/Gluecklicher_Mond.jpg
1241	Golden Currant	Stabtomate, Spaliertomate - Kleine, gelbe Johannisbeertomate mit runden Früchten von etwa 1,5 cm Durchmesser. 2 Fruchtkammern. Würziger bis säuerlicher Geschmack. Reife ab Mitte Juli. 12 bis 20 Früchte je Traube. Etwa 8 g je Frucht. Dieser Typ ist im Gegensatz zu manch anderen Johannisbeertomaten kurz- und rundlaubig und nicht anfällig für Blattkrankheiten.	images/Golden_Currant.jpg
1242	Golden Grape	Stabtomate - Ertragreiche, goldgelbe Stab-Obsttomate mit zahlreichen saftigen, süßen Früchten.	images/Golden_Grape.jpg
1243	Golden Love	Stabtomate - Kleinfruchtige Sorte mit pflaumenförmigen, dickwandigen, knackigen Früchten von glänzend, orange Farbe. Sehr hoch wachsend etwa 2 bis 2,5m. Die Pflanze kann auch mehrtriebig, bzw. am Spalier gezogen werden.	images/Golden_Love.jpg
1244	Goldene Königin	Stabtomate - Reichtragende und oft großfruchtige 120 bis 150g goldgelbe Stabtomate. In warmen Jahren Massenträger. Historische deutsche Sorte, die immer noch auf dem Markt ist.	
1245	Goldene Kuppel	Stabtomate - Gelbe Riesenfleischtomate. Mittelhoher Wuchs. Bis 500 Gramm schwer. Große, glatte, meist nicht gerippte Frucht. Herkunft: Aus Russland. Pro Wickel nur 2 bis 3 Früchte belassen.	images/Goldene_Kuppel.jpg
1246	Goldi	Stabtomate - Eine gelbe Stabtomate mit runden Früchten von 3 bis 4 cm Durchmesser. Erste Früchte schon Mitte Juli. Mittelhohe Pflanze von etwa 1,70 m.	
1247	Goose Creek	Stabtomate - Sie ist eine Normalblättrige, mittelhohe Stabtomate. Die Früchte sind leuchtend rosarot, fleischig, rund bis leicht kantig und mild saftig im Geschmack. Mäßig bis guter Ertrag.  Herkunft: Wahrscheinlich aus den USA.	images/Goose_Greek.jpg
1248	Granny Smith Lagertomate	Stabtomate, Lagertomate - Eine hoch interessante Lagertomate. Die mittelgroße, fleischige Frucht bleibt extrem lange grün und kann bis weit in den Januar gelagert werden. Über den Winter färben sich die Früchte dann gelborange. Saamen keimen dann schon in den Früchten.	images/Granny_Smith.jpg
1364	Pink Brandywine	Große. flachrunde, pinkfarben bis rote Fleischtomate. Krankheitsempfindlich, jedoch hervorragender, aromatischer Geschmack. Fruchtgewicht etwa 180 bis 250 g. Durchmesser bis 8cm. Kartoffelblättrig. Etwa 12 bis 16 Fruchtkammern. Für Gewächshaus.	images/Pink_Brandywine.jpg
1365	Pink Ei	Eine der ungewöhnlichsten Stabtomaten überhaupt. Die zunächst wässern-gelblichen, länglich-eiförmigen Früchte wandeln ihre Früchte wandeln ihre Farbe von Hellrosa in Pink. Diese Sorte fällt im Garten zwischen anderen Tomaten aufgrund der Fruchtfarbe sofort auf. Es entwickeln sich Trauben von 8 bis 14 Früchte zu je 25 g. Kräftiger,  gesunder Wuchs. Reife ab Ende Juli. Stabile und platzfeste  Frucht. Guter Ertrag.	images/Pink_Ei.jpg
1366	Pink Grapefruit	Außergewöhnliche gelbe Tomate. Innen zum Teil rote und grüne Einschlüsse. Beim Auseinanderschneiden erkennt man ein rötliches Zentrum, das von smaragdgrünen Fruchtkammern umgeben ist. Die Fruchtwände hingegen sind von gelber Farbe. Die Frucht ist rund und schwer.	images/Pink_Grapefruit.jpg
1367	Pink Lemon	Bis 400 g schwere, runde, abgeflachte, gelb-orange Früchte mit rotem Zentrum. Sehr aromatisch. Eine der besten zweifarbigen Sorten. Die Sortenbezeichnung bezieht sich auf die Zweifarbigkeit der Früchte, die sehr große, platte Riesenfleischtomaten sind. Am deutlichsten wird die Zwei-Farbigkeit bei aufgeschnittenen Früchten. Das Zentrum ist knall rotorange und zur Fruchtwand hin rein gelb. Sehr viele Fruchtkammern.	images/Pink_Lemon.jpg
1368	Pink Mini-Fleisch	Pink-rote kräftig wachsende Stabtomate mit etwa 50 g schweren, kantig, runden, ähnlich wie Fleischtomaten anmutenden Früchten. Hübsche Farbe, schnittfeste Frucht.	images/Pink_Mini_Fleisch.jpg
1369	Pinkfarbene Wildtomate	Trägt viele kleine 15 mm, kugelrunde Früchtchen mit ursprünglichem Aroma. Saftreich. Ungewöhnlich in der Farbe, da pinkfarben. Eine überaus hoch wachsende Stabtomate bis 4 m, die am besten am Spalier gezogen wird. Einfache Trauben mit 7 bis 8 Früchten. Sehr gute Widerstandsfähigkeit gegen Braunfäule. Kräftiges, dunkles Laub.	images/Pinkfarbene_Wildtomate.jpg
1370	Pinkne Rita	Hochwachsende Stabtomate mit rot bis pinkfarbenen etwa 6 cm großen, meist runden, bis 150 g schweren Früchten.	
1371	Pink Russian 117	Pinkfarbene, sehr große, herzförmige Sorte. Vorzügliches Aroma, ertragreich und gesund.	images/Pink_Russian_117.jpg
1372	Pink Yellow	Große eiförmige bis herzförmige Stabtomate, gelb oder gelborange mit roter Spitze.	images/Pink_Yellow.jpg
1373	Piroka	Starkwachsende Stabtomate mit üppigen Fruchttrauben. Flachrund bis platt, mittelgroße bis große, mittel- bis scharlachrote Früchte mit mittlerer Rippung. Bis 200 g schwer. Durchmesser bis 10 cm. Gut für das Freiland geeignet. Reich tragend. Platzfest. Wahrscheinlich aus Russland.	images/Piroka.jpg
1374	Maclivostocki	Stabtomate - Schöne, runde, pinkfarbene Früchte, wohlschmeckend, reich tragend, attraktiv. Die relativ kleinen glasig-pinkfarbenen, bei reife weichen Früchte sind rund und wiegen etwa 40 g, Durchmesser knapp über 4 cm.  Oberseite oft gelblich-grün aufgehellt, die ganze Frucht wirkt gepunktet. Leicht ohne Stiel zu Ernten.	images/Maclivostocki.jpg
1375	Madagascar	Stabtomate - Kleinere, gelbrote Tomate von rundlich-länglicher, tonnenförmiger Form von etwa 40 g. Süßer Geschmack. Hochwachsende Stabtomate.	images/Madagascar.jpg
1376	Maestria	Stabtomate - Starkwachsende Stabtomate mit üppigen Fruchttrauben. Flachrund bis platt, mittelgroße bis große, mittel- bis scharlachrote Früchte mit mittlerer Rippung. Bis 200 g schwer. Durchmesser bis 10 cm. Gut für das Freiland geeignet. Reich tragend. Platzfest.	
1377	Malschor Isura	Stabtomate - Gelb, birnenförmig, klein, aromatisch, trägt viel, bis zum Frost, aus Russland. Diese hoch wachsende Stabtomate, Mitte August bereits 2,30 m, bringt an fächerförmigen Trauben Unmengen an kleinen, ovalen bis birnenförmigen Früchten hervor. Fruchtgewicht etwa 7 g bis 8 g. Jede Traube trägt bis zu 150 gelbe Birnchen. Früher und sicherer Ertrag. Massenträger! Milder, süßlicher Geschmack.	images/Malschor_Isura.jpg
1378	Mammut Rot	Stabtomate - Große Fleischtomate, die oben leicht rotorange, zum Blütenpol hin eher pinkrot wird. Süß und fruchtig, sehr fleischig mit vielen Fruchtkammern. In der Form leicht plattrund mit gering ausgeprägter Rippung. Geringe Rissbildung. Mittelspäte Reife.	images/Mammut_Red.jpg
1379	Mammut Gelb	Stabtomate - Große Fleischtomate, die oben leicht goldorange, zum Blütenpol hin eher pinkrot wird. Süß und fruchtig, sehr fleischig mit vielen Fruchtkammern. In der Form leicht plattrund mit gering ausgeprägter Rippung. Geringe Rissbildung. Mittelspäte Reife.	
1380	Marglobe	Stabtomate - Starkwachsende Stabtomate mit üppigen Fruchttrauben. Flachrund bis platt, mittelgroße bis große, mittel- bis scharlachrote Früchte mit mittlerer Rippung. Bis 200 g schwer. Durchmesser bis 10 cm. \r\n \r\n Gut für das Freiland geeignet. Reich tragend. Platzfest	images/Marglobe.jpg
1381	Marizol Gold	Stabtomate - Süße Obsttomate mit gelb-orange-rot marmorierten Früchten. Sehr lecker. Hohe Wärmeansprüche, für Hauswand, Tomatenkasten und Gewächshaus! Rote bis orangefarbene, geflammte, oft schwere, Stab-Fleischtomate. Nur für geschützte Standorte und warme Lagen oder unter Glas. Vielkammerig.  Das Fruchtfleisch ist gelb-orange marmoriert.	images/Marizol_Gold.jpg
1382	Marmande	Stabtomate - Gerippte, rote, mittelgroße bis große halbhohe Stab-Fleischtomate. Klassische französische Sorte von nur mittel hohem Wuchs. Von bestem Geschmack (mild, süß-würzig und saftig) und daher sehr beliebt.  Braucht einen warmen Standort.	
1383	Marvel Sriped	Stabtomate - Frühe, orangegelbe bis gelbe Fleischtomate. Sehr große, oft über 500 g, platte Frucht, die im grünen Zustand von dunkelgrünen Streifen überzogen ist. Historische mexikanische Sorte von kräftigem Wuchs. Mehr oder weniger gerippt. Reich tragend in warmen Sommern. Ideal für Südwände.	images/Marvel_Striped.jpg
1384	Mary Ann	Stabtomate - Eine normalgroße rosarote Stabtomate mit 4 Fruchtkammern. Sehr reicher Ertrag.	images/Mary_Ann.jpg
1385	Mary Robinsons German Bicolor	Stabtomate - Eine Riesenfleischtomate, die gesund wächst, bis 2,00 m und platte, leicht gerippte Früchte von orangeroter Farbe trägt. Aufgeschnitten zeigen sich in der Frucht rote Streifen. Wenig Samen. Extrem viele Fruchtkammern. Extrem fleischig. Etwa drei Früchte je Wickel, von denen aber jede bis 500 g schwer werden kann. Durchmesser teilweise 10cm. Mittelspäte Reife. Recht platzfest. Einfach riesig!	images/Mary_Robinsons_German_Bicolor.jpg
1386	Melanie	Stabtomate - Eine Stabtomate mit cremeweißen runden Früchten. Süßer bis süßsäuerlicher Geschmack. Starkes Wachstum bis zu 2,50 m. Teilweise auch eiförmige Früchte. Wahrscheinlich noch nicht stabil.	images/Melanie.jpg
1387	Menryka	Stabtomate - Eine Stabtomate mit rosaroten runden Früchten mit deutlicher Spitze. Lange Fruchttrauben.	images/Menryka.jpg
1389	Groseille  Microtomate	Stabtomate - Mittelhohe Stabtomate mit sehr vielen, oft mehreren hundert kleinen Früchten an extrem üppigen fächerartigen Trauben. Die Früchte sind kaum murmelgroß, rot und rund. Regelmäßig abernten, denn die reifen Früchte fallen gern ab. Kurios ist, dass sich die Fruchtstände wie ein Schirm, oder Rad um den Haupttrieb legen. Eintriebig ziehen, obwohl zu Johannisbeertomaten gehörend.	images/Microtomate.jpg
1390	Midas	Stabtomate - Goldene Flaschentomate mit kurzer, scharfer Spitze. Herrliche, lang gestreckte Frucht und großen Trauben. Erntebeginn ab Anfang August. Sehr guter Ertrag. Aus Russland.	images/Midas.jpg
1391	Mini Rose	Stabtomate - Frühe Ertragreiche Stabtomate mit pinkfarbenen bis rosaroten Früchten von etwa 2 bis 3 cm im Durchmesser.	images/Mini_Rose.jpg
1392	Southpart	Eine hohe Stabtomate mit roten, kleinen Früchten an langen Trauben. Am Fruchtansatz bei vollreife gelb geflammt. Ab 60 cm Spalierförmig ziehen erhöt den Ertrag und begrenzt das Höhenwachstum.	images/Southport.jpg
1393	Splash of Cream	Buntlaubige Sorte und Rotfruchtige Stabtomate, deren Laub weiß-grün panaschiert ist. Auch der Stängel ist gestreift. Mittlerer Ertrag von etwa 40 bis 50g schweren roten und runden Früchten. Saftig. Sehr auffälliges Laub. Eine Sorte für Sammler und zur mehrtriebigen Erziehung unter Glas.	images/Splash_of_Cream.jpg
1394	Sosulka	Rein gelbfruchtige, recht reichtragende Flaschentomate mit Spitze, manchmal etwas kantig. Drahtiger, schlanker Wuchs. Feingliedrige Blätter. Sehr schöne, eigenwillige Fruchtform, die zwischen herzförmig und bananenförmig schwankt. Üppige Trauben mit schweren Früchten, die zwischen 100 und 300 Gramm wiegen variabel. Völlig platzfest. Äußerst fleischig, mild-süß und fast keine Samen.  Anfällig auf Blütenendfäule.	images/Sosulka.jpg
1395	Star Orange	Flachrunde, gelbrot marmorierte, saftige Stabtomate von süßlich-würzigem Geschmack.	images/Star.jpg
1396	Striped Carven	Fülltomate - Geflammte Paprikatomate, die besonders im Grünstadium mit dunklen, bei Reife hellen Längsstreifen durchzogen ist. Die später rot werdende Frucht ist innen hohl, wie Paprika und kann zum Füllen verwendet werden. Auch die Fruchtform, länglich-oval mit Rippen und Fruchtgröße erinnert an Gemüsepaprika.	images/Striped_Carven.jpg
1397	Sun Drop	Größere, orangefarbene Stab-Obsttomate mit langen Fruchtständen und vielen, süßen Früchten. Langer Ertrag. Fruchtgewicht etwa 35 bis 45 Gramm. Meist etwas hochrund, Durchmesser etwa bis knapp über 4 cm. Eine wunderschöne, toll gefärbte Frucht. Kein Grünkragen, kaum Platzer. Bestens durchfärbt.  Leicht ohne Stiel zu ernten. Gesunder, kräftiger Wuchs.	images/Sun_Drop.jpg
1398	Star Rot	Flachrunde, rote, saftige Stabtomate von süßlich-würzigem Geschmack.	
1399	Swajawa	Wildtomate -Birnenförmige, pflaumenförmige rote Wildtomate. Früchte 8 bis 12g schwer. Relativ widerstandsfähig gegenüber Braunfäule. Feines, hellgrünes Laub. Schlanker, drahtiger Wuchs von etwa 2,3 bis 3 m. Fächerförmige Trauben. Massenträger.	
1400	Talent Cream	Eine Stabtomate mit großen, feingliedrigen Blättern. Kräftiger Wuchs. Frucht platt, bis 6 cm Durchmesser. Cremeweiß. Mild-süß. Meist 3-kammerig. Reich tragend und gesund.	images/Talent_Cream.jpg
1401	Talent Gelb	Eine Stabtomate mit großen, feingliedrigen Blättern. Kräftiger Wuchs. Frucht platt, bis 6 cm Durchmesser. Gelb. Mild-süß. Meist 3-kammerig. Reich tragend und gesund.	images/Talent_Gelb.jpg
1402	Tamara	Rosarote, Wohlschmeckende Früchte, die bis 100 g wiegen können. Historische Sorte aus den USA. Früher und lang anhaltender Ertrag. Robuste Pflanzen.	
1403	Tangella	Runde Stabtomate von goldgelber bis orange Farbe. Etwa 30 Gramm. Durchmesser etwa 40 mm. Meist 2 Fruchtkammern. \r\n \r\n Sehr schöne Sorte.	images/Tangella.jpg
1404	Tangerine	Mandarinenförmige Sorte von gelber bis orange Farbe. Durchmesser etwa 3 cm. Hochwachsende Stabtomate, oft über 3 m. Gesundes, dunkles Laub. Sehr lange Vegetationsperiode. Robust. Dichte Trauben. Sehr reich tragend.	images/Tangerine.jpg
1405	Thompson Seedling Cream	Cremeweiße, süß, recht Große Cherrytomate. Ertragreich. Diese Sorte bringt kleine Trauben mit 7 bis 10 Früchten hervor. Seltene, wohlschmeckende, mittelhohe Sorte mit runden, etwa 20 Gramm schweren Früchten.	images/Thompson_Seedling_Cream.jpg
1406	Thompson Seedling Green	Gelbgrüne, süß, recht große Cherrytomate. Ertragreich. Diese Sorte bringt kleine Trauben mit 7 bis 10 Früchten hervor. Seltene, wohlschmeckende, mittelhohe Sorte mit runden, etwa 20 Gramm schweren Früchten.	images/Thompson_Seedling_Green.jpg
1407	Tiger Striped	Herrlich geflammte rote Stabtomate, mit intensiv gezeichneten, auffälligen, attraktiven Früchten. Ertragreich, robust und von sehr einheitlicher Sortierung. Runde, saftige, 2 bis 3-kammerige Frucht.  Mittelhoch bis hoch wachsend. Beste Gartensorte. Ursprünglich aus Russland.	images/Tiger_Striped.jpg
1408	Tigarella	Im grünem Stadium stark, später schwächer gestreifte normalrunde, manchmal auch hochrunde rote Stabtomate. Diese Sorte ist in England schon länger bekannt und wegen der saftigen und wohlschmeckenden Früchte sehr beliebt.	images/Tigarella.jpg
1409	Tommy Toe	Australische, früh reifende Stabtomate mit kleineren runden Früchten. Schön und reich tragend. Leicht zu ernten. Früchte wiegen zwischen 25 und 40 g. Geschmacklich zwischen Obst- und normalrunder Tomate. Meist 2, selten 3 Fruchtkammern. Fleischig mit dicken Fruchtwänden. Durchmesser 35-42 mm. Keine typische Obsttomate.	images/Tommy_Toe.jpg
1410	Tondo Liscio	Runde, teils leicht gerippte Stabtomate aus Italien. Für Anbau unter Glas ideal.	images/Tondo_Liscio.jpg
1411	Tonnelet	Gelb-rot gestreifte, länglich-eiförmige Stabtomate mit stumpfer Spitze aus Belgien von ca. 40 g. Mittel bis spät reifend. Wunderschöne, kuriose Frucht, doch etwas braunfäuleanfällig. Daher am besten unter Dach anbauen. S ie können über 2,4 m hoch werden.  Ketschup-Typ.	images/Tonnelet.jpg
1412	Tres Cantos	Fleisch-Stabtomate mit großen, dunkle, plattrunden, gerippten Früchten. Kräftiger Wuchs. Wahrscheinlich aus Spanien.	images/Tres_Cantos.jpg
1413	Tschio Tschio San	Eine richtige Überraschung. Diese lang gestreckt ovale bis etwa birnförmige Tomate ist wirklich sehr außergewöhnlich in Farbe und Ertrag. Reif glänzend lachsfarben mit hellerer, gelblich-grüner Kappe. Manchmal zeigen sich auch noch einzelne grüne Flecken und Streifen. Sehr leicht ohne Stiel zu ernten. Massenträger mit Fächerförmigen Trauben. Bis 50 Früchte je Wickel. Fruchtgröße 50 x 33 mm. Gewicht etwa 25 Gramm.	
1414	Tschuchloma	Diese orangefarbene Stabtomate hat lang gestreckt ovale, zeppelinförmige Früchte. Hoch wachsend und früh tragend. Sehr schöne, platzfeste Früchte.  . Tschuchloma ist ein Städtchen an der Wolga.	images/Tschuchloma.jpg
1416	Tumpling Tom Red	- Dieser Sorte ist eine erstklassige Balkontomate. Der buschige, herabhängende Wuchs macht sie zu einer optimalen Tomate für Ampeln und Balkonkästen. Sehr positiv sind auch die frühen und überaus zahlreichen roten Früchte. Die Fruchte sind etwa 1,8 bis 2,2 cm im Durchmesser.	images/Tumpling_Tom_Red.jpg
1417	Tumpling Tom Yellow	- Dieser Sorte ist eine erstklassige Balkontomate. Der buschige, herabhängende Wuchs macht sie zu einer optimalen Tomate für Ampeln und Balkonkästen. Sehr positiv sind auch die frühen und überaus zahlreichen gelben Früchte. Die Fruchte sind etwa 1,8 bis 2,2 cm im Durchmesser.	images/Tumpling_Tom_Yellow.jpg
1418	Tuxhorn´s Red	Kräftige Stabtomate mit bis zu 500g schweren, roten Früchten. Gutes Aroma. Mittelspäte Ernte ab etwa Mitte August aber dafür sehr lecker und guter Ertrag. Wenig krankheitsanfällig.	images/Tuxhorns_Red.jpg
1419	Tuxhorn´s Red and Yellow	Rote bis orangefarbene, geflammte, oft sehr schwere, kartoffelblättrige Stab-Fleischtomate. Sehr alte Sorte und extrem fleischig. Vielkammerig. Das Fruchtfleisch ist gelb-orange marmoriert und enthält wenig Samen. Sie wird hauptsächlich in Salat verwendet.  Hohe Wärmeansprüche, für Hauswand, Tomatenkasten und Gewächshaus! Nur für geschützte Standorte und warme Lagen oder unter Glas.	images/Tuxhorns_Red_Yellow.jpg
1420	Ukrainian Pear	Mittelgroße bis sehr große birn- bis glockenförmige, fleischige Tomate aus der Ukraine. Etwas pinkfarben.	images/Ukrainian_Pear.jpg
1421	Usbekistan IV	Eine Stabtomate mit hervorragendem Geschmack! Die Fruchtfarbe ist eher olivgrün mit braunroten, fleischfarbenen Anteilen. Mittelgroße, meist hochrunde Früchte mit durchschnittlich 140 g und 3 bis 5 Fruchtkammern. Sehr saftreich. Gute Erträge nur in geschützter Lage.	images/Usbekistan_IV.jpg
1422	Sachalin	Rote plattrunde Früchte. Eine aufrecht wachsende Buschtomate.	
1423	Saint Pierre	Mittelgroße Stabtomate mit leicht gerippten und milden, sehr wohlschmeckenden, schmelzend süßwürzigen, roten Früchten. Wenig Kerne. Alte französische Feinschmecker-Sorte.	images/Saint_Pierre.jpg
1424	San Marzano	Eiförmige, scharlachrote mittelhohe Stab- oder Spaliertomate aus Italien. Früchte pflaumenförmig mit kurzer, stumpfer Spitze und überaus zahlreich! Seitentriebe hochbinden. Üppige bis pompöse, buschige Blütentrauben. Platzfeste und haltbare Früchte. 2 Fruchtkammern.	
1425	San Petro	Eine mittelhohe bis hohe Stabtomate von etwa 1,5 bis 2 m Höhe. Die roten Früchte sind plattrund zwischen 70 und 200 g schwer, leicht gerippt, fleischig mit vielen Fruchtkammern.	
1426	Schimmeig Greg	- (keltisch: Gestreifter Fels)  Mittelgroße, ockergelb-rot geflammte, herrlich, glänzende, toll gezeichnete Stabtomate. Die Fruchtform variiert, Früchte sind meist hochrund bis klobig bis herzförmig, mit und ohne Rippen an der gleichen Traube. Sehr Dekorativ. Sehr schöne Frucht mit meist über 100g Gewicht.	images/Schimmeig_Creg.jpg
1427	Schneewittchen Rot	Eine Stabtomate mit kleinen 2 bis 3 cm leuchtend roten, süßlich schmeckenden Früchten. Wahrscheinlich eine Wildtomate. Hoch wachsend bis 3 m. Spalieranbau sinnvoll.	images/Schneewittchen.jpg
1428	Schneewittchen Weiss	Eine Stabtomate mit kleinen 2 bis 3 cm cremeweißen, süßlich schmeckenden Früchten. Wahrscheinlich eine Wildtomate. Hoch wachsend bis 3 m. Spalieranbau sinnvoll.	images/Schneewittchen_weiss.jpg
1429	Schwarze Beere	Dunkelrot bis braunschwarz je nach Lichteinfall, rund mit kleiner Spitze, aromatisch Diese hoch wachsende Stabtomate, etwa 2 m, bringt an fächerförmigen Trauben Unmengen leckere Früchte. Fruchtgewicht etwa 7 bis 8 g. Jede Traube trägt bis zu 150 Früchte.  Früher und sicherer Ertrag. Massenträger. Milder süßer Geschmack. Noch nicht stabil.	images/Schwarze_Beere.jpg
1430	Schwarze Krim	Dunkle, braunrote Sorte aus Russland. Bis 500 g schwere Früchte. Aromatisch und Ertragreich!	images/Schwarze_Krim.jpg
1431	Schwarze Russische	Eine Stab- Fleischtomate mit braunroten, marmoriert, weichen und saftigen Früchten. Der Geschmack ist vergleichsweise süß und gleichzeitig sauer. Die Pflanze wird mittelhoch wachsend. Der Ertrag liegt bei etwa 6 x 4 Früchten bis 200 g. Reift mittelfrüh bis spät.	images/Schwarze_Russische.jpg
1432	Schwarze Sarah	Alte, deutsche Stab-Fleischtomate mit hohem Ertrag. Sehr wohlschmeckend. Große pralle, rotbraune Früchte von bestem Aroma. Am Stielansatz mit dunkler, olivgrüner Kappe. Sehr fleischig mit bis zu 12 und mehr Fruchtkammern. Bei Vollreife weich. Meist über 150 g schwer und bis zu 10 cm im Durchmesser.	images/Schwarze_Sarah.jpg
1433	Schwarzer Prinz	Stab-Fleischtomate mit runden, kaum gerippten und dunklen, braunroten Früchten, oben mit schwacher, bis zur Fruchtmitte reichender Kappe. Gewicht variiert und schwankt zwischen 80 bis 150 Gramm. Viele Fruchtkammern. Mittelfrüh reifende und hoch wachsende Stabtomate. Guter, mild-süßer Geschmack. Aus Sibirien. Meist über 150 g schwer und bis zu 10 cm im Durchmesser.	images/Schwarzer_Prinz.jpg
1434	Schwarzes Tigerherz	Dunkle, braunrote Fleischtomate aus Russland. Innen mit grünem Samenmantel. Am Blütenpol mit Nabel, mehr herzförmig.	images/Schwarzes_Tigerherz.jpg
1435	Sensual Love	Eine Stabtomate mit fantastischen rot-grüngestreiften Minitomaten. Innen grell-dunkelrotes Fruchtfleisch. Total saftig und lecker. Hoher Wuchs von etwa 2,5 m.  Auch Spalieranbau sinnvoll. Anbau an warmer Hauswand oder Gewächshaus.	images/Sensual_Love.jpg
1436	Shah–Mikado Red	Kartoffelblättrige Sorte aus den USA, die schon um 1886 erwähnt wurde. Große rote, in Vollreife pinkrote, exzellent süßaromatische Früchte.	images/Shah_Mikado_Red.jpg
1437	Shah – Mikado White	Kartoffelblättrige Sorte aus den USA, die schon um 1886 erwähnt wurde. Große cremeweiße, in Vollreife pinkgestreifte, exzellent süßaromatische Früchte.  Sehr rar.	images/Shah_Mikado_White.jpg
1438	Siberian Golden Pear	Eine wuchtige Sorte von hohem, kräftigem Wuchs. Kräftige Stäbe von 2,4 m sind erforderlich. Sehr hoher Ertrag an großen, beutel- bis birnenförmigen, Gelborangen Früchten, die platz- und druckfest und lange lagerfähig sind. Milder Geschmack ohne viel Säure. Außergewöhnliche Fruchtform. Mittlerer Ertragsbeginn. Lange Erntezeit. Gute Freilandsorte. Trauben mit 5 bis 8 Früchten.	images/Siberian_Golden_Pear.jpg
1487	White Beauty	(Beaute Blanche du Canada)  Cremegelbe bis weiße Stab-Fleischtomate mit sehr süßem Geschmack. Außergewöhnlich in Farbe und Geschmack. Bringt kräftige und wüchsige Jungpflanzen. Trägt in warmen Sommern und im Gewächshaus sehr gut. Tomaten zerfallen im Salat, da zu wässrig.	images/Weisse_Schoenheit.jpg
1439	Sibirische Orange	Gigantisch-wuchtige Stab-Fleischtomate in der Fruchtfarbe wie eine unreife Orange, also hell orange. Innen Einheitlich gelborange. In der Form variabel und kurios, oft Beutelartig und herzförmig, manchmal auch hochrund oder gleich einer gigantischen, dicken Pflaume. Nur 4 bis 5 Früchte je Wickel, die aber je zwischen 150 und 300g schwer werden. Mild, süße, extrem große, Reichtragende Fleischtomate.	images/Sibirische_Orange.jpg
1440	Sibirisches Ochsenherz	Eine Stabtomate mit großen, stumpf herzförmigen Früchten. Etwa 70 mm hoch und 80 mm breit. An der Herzspitze dunkelrot bis weinrot, zum Rücken hin heller werdend. Oft sehr schöne Herzform. 170 bis 200 g schwer. Schlecht vom Stiel zu lösen.	images/Sibirisches_Ochsenherz.jpg
1441	Sibirisches Tigerherz	Dunkle, braunrote Fleischtomate aus Russland. Innen mit grünem Samenmantel. Am Blütenpol mit Nabel, mehr herzförmig.	images/Sibirisches_Tigerherz.jpg
1442	Slimslum	Gelb, birnenförmig, klein, aromatisch, trägt viel, bis zum Frost, aus Russland. Diese hoch wachsende Stabtomate, Mitte August bereits 2,3 m, bringt an fächerförmigen Trauben Unmengen an kleinen, ovalen bis birnenförmigen Früchten hervor. Fruchtgewicht etwa 7 bis 8 g. Jede Traube trägt bis zu 150 gelbe Birnchen. Früher und sicherer Ertrag. Massenträger! Milder, süßlicher Geschmack.	images/Slimslum.jpg
1443	Sliwowidnij	Gelbe Pflaumentomate mit gigantischen Fruchtständen. Hoch wachsend. die Früchte können nach dem 1. Frost mitsamt der ganzen Traube geerntet und aufgehängt eingelagert werden. Sie halten noch wochenlang ohne zu schrumpeln und schmecken sehr süß. Die Beeren sind etwa1 bis 1,5 cm und wiegen bis 20 g. Beachtlicher Ertrag und bester Geschmack.  Tolle Naschtomate.	images/Sliwowidnij.jpg
1444	Snow Berry	Obst-Stabtomate mit cremeweißer bis glasig-gelber Färbung durchschimmernd. Plattrunde Frucht mit leichter Rippung Ca. 23 bis 25 Gramm. Meist dreikammerig.	images/Snow_Berry.jpg
1445	Snow White Cherry	Viele gelbweiße, ziemlich kleine Früchte bringt diese mittelhohe Stabtomate hervor. Sehr seltene Sorte, die leider erst mittelspät trägt. Die Früchte haben mehrere Fruchtkammern und sehen wie weiße Miniatur-Fleischtomaten, also leicht plattrund aus.  Geschmack mild-obstig bis fruchtig. Geschützter Anbau ist wichtig.	images/Snow_White_Cherry.jpg
1446	Snowball	Russische, weiße Stabtomate. Eine süße, sehr wohlschmeckende Sorte mit überaus saftigen, mehr-kammerigen Früchten zum So –essen.	images/Snowball.jpg
1447	Solotoj	Gelbe Pflaumentomate mit gigantischen Fruchtständen. Hoch wachsend. die Früchte können nach dem 1. Frost mitsamt der ganzen Traube geerntet und aufgehängt eingelagert werden. Sie halten noch wochenlang ohne zu schrumpeln und schmecken sehr süß. Die Beeren sind etwa1 bis 1,5 cm und wiegen bis 20 g.  Beachtlicher Ertrag und bester Geschmack. Tolle Naschtomate.	images/Solotoj.jpg
1448	Solotoj Petruschok	Gelbe Flaschentomate mit länglichen, dünnen, etwa 9cm langen Früchten. Vollreif orange Anflug. Feste, dickwandige, fleischige Frucht mit Nippel. Bis 100 g schwer. Sehr schöne und ungewöhnliche Fruchtform. Wuchshöhe 2,2 bis 2,5 m.	images/Solotoj_Petruschok.jpg
1449	Qianglimishou	- Sehr große, pinkfarbene, wohlschmeckende, Fleischtomate aus Japan. Eine Stabtomate mit runden, fleischigen Früchten. Sehr schön in der Form. Guter Ertrag. Feste, 80 bis 120 g schwere Früchte. Stiel sitzt sehr fest, am besten mit Stiel ernten. Gute Sorte für Garten und unter Glas.	images/Qianglimishou.jpg
1450	Radinie Meita	- “Radiniesces Meita”  Eine pink bis braunrote Stabtomate. Mittelhoher bis hoher wuchs von 1,6 bis 2,2 m. Gewicht etwa 80 bis 200 g. Sehr lecker, fruchtige Sorte. Mittelhoher Ertrag.	images/Radinie_Meita.jpg
1451	Rainbow Bicolor	- Saftige, würzige Stab-Obsttomate mit rot-orange mittelgroßen Früchten.	images/Rainbow_Bicolor.jpg
1452	Rajce Tyck Hroznove	- Eine gelbe Obsttomate mit extreme großen, extreme aufgefächerten Trauben von 150 bis 300 Früchten je Wickel. Absoluter Massenträger! Die Pflanzen scheinen nur aus Blütenständen und Fruchttrauben zu bestehen. Kräftiger Wuchs. Mittelhoch bis hoch wachsend, auf jeden Fall über 2 m. Fruchtgewicht etwa 6 g. Durchmesser etwa 22 mm. Eine Spitzensorte der Extraklasse!	images/Rajek_Tyck_Hroznove.jpg
1453	Rajce Tygrovane	- Eine herrlich gezeichnete, kaum mittelgroße Sorte. Super Fruchtansatz von etwa 30 bis 40 g Gewicht und bis zu 40 mm Durchmesser. Häufig lange Fruchtstände mit 10 bis 30 Früchten. Mittel hoher Wuchs 1,7 bis 2 m. Erntebeginn schon ab Mitte Juli mit hohem Anfangsertrag!	images/Rajce_Tygrovane.jpg
1454	Red Berry	- Begehrte, sehr aromatisch schmeckende Cocktailtomate. Kirschgroße, rote Früchte.	images/Red_Berry.jpg
1455	Red Pepper	- Kuriose Stabtomate mit roten, kantig spitz-paprikaförmigen Früchten, die eine lange ausgezogene Spitze haben. Bis 14 cm lang und 4 bis 5 cm Durchmesser. Hoher, aber später Ertrag, bei Wärme. Sehr interessante Fruchtform. Mittelrot. Ideal für Tomatenkästen. Im Freiland kein guter Ertrag. Seltene Fruchtform.	images/Red_Pepper.jpg
1456	Red Plum mit Spitze	- Rot, lang gestreckt, eiförmig mit Spitze. Die Fruchtform ist eckig-oval, zum Blütenpol hin etwas verjüngt, dann folgt ein Nippel einer Brustwarze gleich, der an der Basis manchmal etwas eingesunken ist. Die Frucht hat einen Durchmesser von 4-4,5 cm und ist zwischen 5 und  7 cm lang, 2 Fruchtkammern, eine dicke Mittelachse und eine dicke  Fruchtwand. Eine begehrte und schöne Stabtomate.	images/Red_Plum_mit_Spitze.jpg
1457	Red Zebra	- Herrlich geflammte, rote, deutlich gestreifte Stabtomate. Runde Frucht von etwa 40 bis 50 Gramm. Sehr schön und wohlschmeckend. Mittlerer Ertrag.	images/Red_Zebra.jpg
1458	Regina´s Yellow	- Orangegelbe, süße Fleischtomate. Hohe Wärmeansprüche, für Hauswand, Tomatenkasten und Gewächshaus! Orangefarbene, geflammte, schwere, Stab-Fleischtomate. Sehr alte Sorte und extrem fleischig. Nur für geschützte Standorte und warme Lagen oder unter Glas. Vielkammerig. Das Fruchtfleisch ist gelb-orange marmoriert und enthält wenig Samen.	images/Reginas_Yellow.jpg
1459	Reisetomate	- Bei dieser roten, meist flachrunden Fleischtomate setzt sich die Frucht aus mehreren Teilfrüchten zusammen, die ohne große Verletzung von der Stammfrucht abgetrennt werden können. Sehr seltene Stabtomate mit eher waagerecht stehendem Laub. Setzt bei kalter Witterung und im Schatten keine Früchte an. Stark kreuzungsgefährdet.	images/Reisetomate.jpg
1460	Ribesoides Wildtomate	, Spaliertomate - Eine kräftig wachsende, meist über 2 m hohe Wildtomate mit kleinen, roten, runden Früchten, die an ein- bis mehrfach gegabelten, zunächst waagerecht und weit abstehenden Wickeln hängen. Intensiv und süß im Geschmack. Sehr saftig. Kuriose Unterart der Johannisbeertomate.	images/Ribesoides_Wildtomate.jpg
1488	White Princess	Eine große, nahezu reinweiße Stabtomate mit großen, teils pfundschweren, fleischigen Früchten. Platt und mittelstark bis schwächer gerippt. Bei uns reiften die ersten Früchte gegen Anfang August. Selbst vollreife Früchte haben nur einen ganz geringen gelben Anflug. Das schmelzende Fruchtfleisch schmeckt süß und sehr saftig.	images/White_Princess.jpg
1489	White Queen	Blassgelbe, platte, leichter gerippte Fleischtomate von 70 bis 200 Gramm Gewicht. Manchmal mit rosa Streifen oder rötlich angehaucht. Mittelhoher Wuchs. Frucht mit vielen Fruchtkammern und oft extrem fleischig sowie mit Nabel.	images/White_Queen.jpg
1490	White Tomesol	Reichtragende weiße Fleischtomate mit saftigen, mittelgroßen, leuchtenden Früchten.	images/White_Tomesol.jpg
1491	Wolford Wonder	Große, herz- bis kreiselförmige oder auch keilförmige Stabtomate mit tief pinkfarbenen Früchten. Unreif mit dunkelgrüner Kappe, die aber bei Reife voll verschwindet. Wenig Platzer. Fleischig, bis 9 cm lang und meist 4 bis 6 cm stark.	images/Wolford_Wonder.jpg
1492	Wooly Typ 1	Eine Stabtomate mitgelborange Früchten von etwa 2 cm Durchmesser. Die Früchte haben am Fruchtansatz eine braunorange Maserung. Sehr lecker und wüchsig.	images/Wooly_Typ_1.jpg
1493	X-Basinga	Ein wahrer Massenträger. Runde Früchte von 45 x 40 mm Größe. Gewicht etwa 35 Gramm. Relativ einheitliche Sortierung. Die Früchte sind grünlichgelb bis ockerfarben und haben auch bei Vollreife eine verwaschene grünliche Kappe. Angenehm und wohlschmeckend, mild-süß und sehr ertragreich. Die Pflanzen machen sehr wenig Arbeit. Wuchshöhe etwa 2 m.	images/x_Basinga.jpg
1494	X-Basinga Oval	Ein wahrer Massenträger. Oval-eiförmige Früchte von 45 x 40 mm Größe. Gewicht etwa 35 Gramm. Relativ einheitliche Sortierung. Die Früchte sind grünlichgelb bis ockerfarben und haben auch bei Vollreife eine verwaschene grünliche Kappe. Angenehm und wohlschmeckend, mild-süß und sehr ertragreich. Die Pflanzen machen sehr wenig Arbeit. Wuchshöhe etwa 2 m.	images/x_Basinga_oval.jpg
1495	Yellow Agate	Wunderschöne, glänzend gelbe Flaschentomate. Diese Sorte wächst nur halbhoch und sehr kompakt mit wuchtigem, dichtem Blattwerk. Etwa fingerlange, 40 bis 50 g schwere, flaschenförmige Früchte mit dicker Fruchtwand. Mild im Geschmack, ohne Säure. Guter Ertrag ab Ende Juli. Platzfest. Interessant für Liebhaber.	images/Yellow_Agate.jpg
1496	Yellow Niunai	Kuriosität! An kompakten, dicht belaubten, etwa 1,6 m hohen Pflanzen hängen dicht gedrängt je Wickel etwa 6 birnengroße und birnenförmige, knallgelbe Früchte. Diese 100 bis 120 g schweren Brocken sind etwa 8 cm lang und bis 6 cm dick. Hängendes, sehr großes Laub.	images/Yellow_Niunai.jpg
1497	Yellow Oxheart	Fast herzförmige, manchmal glockige, nicht einheitlich geformte, gelbe Stabtomate. Vielkammerig. Nicht zu groß, meist etwa 100 g schwer, ein Gewicht von 500 g ist aber drin. Die Früchte enthalten oft nur sehr wenig Samen. Viele kleine Rippen. Rarität!	images/Yellow_Oxheart.jpg
1498	Yellow Pepper	Gelborange bis goldfarbene, große Früchte etwa 80 Gramm, bis 8 cm lang und 5 cm breit von spitzovaler „Andenhorn- Form“, wie Spitzpaprika (oben gleich klobiger, also eher keilförmig). Buschiger Typ mit jeweils 3 bis5 Früchten je Traube. Am Blütenpol mit ausgezogener Spitze.	images/Yellow_Pepper.jpg
1499	Yellow Stuffer	(Golden Cavern, Jaune a Farcir, Gelbe zum Füllen) Paprikaförmige gelbe Stabtomate mit hohlen Früchten. Die Samen sitzen in der Fruchtmitte. Sehr schöne, zum Teil auch große Frucht. Seltenheit. Braucht einen geschützten, trockenen und warmen Platz, um herrliche Früchte zu entwickeln.	images/Yellow_Stuffer.jpg
1500	Yellow-Pink-Fleisch	Bis 400 g schwere, runde, abgeflachte, gelb-orange Früchte mit rotem Zentrum. Sehr aromatisch. Eine der besten zweifarbigen Sorten. Die Sortenbezeichnung bezieht sich auf die Zweifarbigkeit der Früchte, die sehr große, platte Riesenfleischtomaten sind. Am deutlichsten wird die Zwei-Farbigkeit bei aufgeschnittenen Früchten. Das Zentrum ist knall rotorange und zur Fruchtwand hin rein gelb. Sehr viele Fruchtkammern.	
1501	Zehen-Reisetomate	Bei dieser roten, meist flachrunden Fleischtomate setzt sich die Frucht aus mehreren Teilfrüchten zusammen, die ohne große Verletzung von der Stammfrucht abgetrennt werden können. Sehr seltene Stabtomate mit eher waagerecht stehendem Laub. 	images/Zehen_Reisetomate.jpg
1502	Zscheltyi Delikatess	Goldgelbe, russische Stabtomate mit runden Früchten. Milder Geschmack. Guter Ertrag. Mittlerer Ertragsbeginn. Fruchtgewicht variabel. Ziemlich platzfest.	images/Zscheltyi_Delikatess.jpg
1503	Zhongshu	(Tschongshou) Wunderschöne, brillant pinkfarbene, mittelgroße, würzigsaftige Fleischtomate, sehr selten.	images/Zhongshu.jpg
1504	Zuckertraube	(Zuckertomate)  Süßaromatische kleinfruchtige und kräftig wachsende rote Stab-Obsttomate. Reich tragend mit üppigen, langen Trauben. Etwas empfindlich für Braunfäule, daher geschützt anbauen.	images/Zuckertomate.jpg
1505	Zunami	Eine wunderschöne, großfruchtige Stabtomate. Rund bis plattrund, zwischen 150 bis 200 g schwer und von hervorragender Qualität und ungewöhnlich früher Reife für eine Fleischtomate. Bemerkenswert ist die herrliche, deutlich auffallende Färbung von rosa bis tief rosarot. Mittelhohe Sorte von etwa 2 m Höhe. Runde Früchte, die sich fest anfühlen und schwer in der Hand liegen. Pro Wickel oft ein Ertrag von 1 kg.	images/Zunami.jpg
1506	Zypriotische Riesenfleischtomate	Eine große, rote Fleischtomate aus Zypern. Die Frucht ist keilförmig bis herzförmig, selten auch doppelt herzförmig mit tief liegendem Stielansatz. Gewicht meist 150 bis 200 g. Sie ist so fleischig, dass teilweise nur noch Platz für Mini-Fruchtkammern ist. 6 und mehr Fruchtkammern mit meist wenig Samen. Frucht bis zu 8 cm hoch. Kaum Grünkragen, wenig Platzer.	images/Zypriotische_Riesenfleischtomate.jpg
\.


--
-- Data for Name: tomatos_tomato_colors; Type: TABLE DATA; Schema: public; Owner: django
--

COPY tomatos_tomato_colors (id, tomato_id, tomatocolor_id) FROM stdin;
1730	1110	79
1731	1110	84
1732	1111	77
1733	1112	79
1734	1112	81
1735	1113	77
1736	1113	83
1737	1114	79
1738	1115	79
1739	1116	83
1740	1116	74
1741	1118	79
1742	1118	77
1743	1118	83
1744	1119	79
1745	1119	77
1746	1119	82
1747	1120	79
1748	1121	77
1749	1122	77
1750	1122	84
1751	1122	78
1752	1123	83
1753	1124	79
1754	1124	77
1755	1124	83
1756	1125	77
1757	1125	83
1758	1125	81
1759	1125	82
1760	1126	77
1761	1126	83
1762	1126	81
1763	1127	77
1764	1127	78
1765	1128	77
1766	1128	83
1767	1129	79
1768	1130	81
1769	1131	79
1770	1132	79
1771	1133	77
1772	1134	79
1773	1134	81
1774	1134	82
1775	1135	83
1776	1135	78
1777	1136	77
1778	1137	79
1779	1137	81
1780	1137	86
1781	1138	79
1782	1138	77
1783	1139	79
1784	1140	77
1785	1140	83
1786	1140	78
1787	1141	77
1788	1141	84
1789	1141	78
1790	1142	77
1791	1142	83
1792	1143	83
1793	1143	78
1794	1143	74
1795	1144	79
1796	1144	78
1797	1144	74
1798	1145	77
1799	1145	84
1800	1146	79
1801	1146	77
1802	1146	83
1803	1147	79
1804	1147	81
1805	1147	82
1806	1148	75
1807	1149	79
1808	1149	75
1809	1150	79
1810	1150	82
1811	1150	78
1812	1150	75
1813	1150	86
1814	1151	78
1815	1151	75
1816	1152	79
1817	1152	82
1818	1152	78
1819	1152	75
1820	1153	82
1821	1153	75
1822	1154	77
1823	1154	78
1824	1155	77
1825	1156	79
1826	1156	85
1827	1156	73
1828	1157	79
1829	1157	78
1830	1158	79
1831	1159	78
1832	1160	79
1833	1160	82
1834	1160	78
1835	1160	75
1836	1160	86
1837	1161	79
1838	1161	78
1839	1162	78
1840	1163	79
1841	1163	78
1842	1164	79
1843	1164	78
1844	1166	79
1845	1166	82
1846	1166	75
1847	1167	83
1848	1168	79
1849	1168	77
1850	1168	83
1851	1169	79
1852	1169	83
1853	1170	77
1854	1170	78
1855	1171	79
1856	1171	77
1857	1171	78
1858	1172	77
1859	1172	84
1860	1172	78
1861	1173	79
1862	1174	79
1863	1174	82
1864	1174	78
1865	1175	79
1866	1175	78
1867	1176	79
1868	1176	78
1869	1177	79
1870	1178	79
1871	1178	77
1872	1178	83
1873	1179	79
1874	1180	77
1875	1183	81
1876	1183	78
1877	1184	79
1878	1184	85
1879	1185	79
1880	1186	79
1881	1187	79
1882	1188	79
1883	1189	79
1884	1189	78
1885	1190	79
1886	1190	77
1887	1191	81
1888	1192	79
1889	1192	78
1890	1193	77
1891	1194	79
1892	1195	77
1893	1195	83
1894	1196	79
1895	1196	78
1896	1197	79
1897	1197	81
1898	1198	83
1899	1199	77
1900	1199	83
1901	1199	74
1902	1200	79
1903	1201	79
1904	1201	78
1905	1202	77
1906	1202	84
1907	1203	79
1908	1203	85
1909	1203	73
1910	1204	77
1911	1204	84
1912	1205	79
1913	1205	83
1914	1206	77
1915	1206	83
1916	1207	79
1917	1207	77
1918	1208	79
1919	1208	77
1920	1208	81
1921	1209	79
1922	1210	79
1923	1210	78
1924	1211	79
1925	1211	77
1926	1211	78
1927	1213	77
1928	1213	82
1929	1214	79
1930	1215	77
1931	1215	83
1932	1215	82
1933	1217	79
1934	1217	77
1935	1217	83
1936	1218	77
1937	1218	83
1938	1219	79
1939	1220	79
1940	1221	77
1941	1221	74
1942	1222	79
1943	1223	79
1944	1223	77
1945	1224	77
1946	1225	77
1947	1226	79
1948	1226	77
1949	1227	77
1950	1228	77
1951	1229	77
1952	1230	77
1953	1231	77
1954	1232	77
1955	1233	77
1956	1234	79
1957	1234	81
1958	1235	79
1959	1235	77
1960	1235	83
1961	1235	74
1962	1236	82
1963	1237	79
1964	1239	77
1965	1239	83
1966	1240	77
1967	1241	77
1968	1241	74
1969	1242	77
1970	1242	74
1971	1243	83
1972	1243	74
1973	1244	77
1974	1244	74
1975	1245	77
1976	1245	74
1977	1246	77
1978	1246	74
1979	1247	79
1980	1247	81
1981	1248	77
1982	1248	83
1983	1248	82
1984	1249	77
1985	1249	82
1986	1249	86
1987	1250	82
1988	1250	86
1989	1251	77
1990	1251	82
1991	1252	82
1992	1253	77
1993	1253	82
1994	1254	79
1995	1254	82
1996	1254	86
1997	1255	77
1998	1255	82
1999	1256	77
2000	1256	82
2001	1256	86
2002	1257	77
2003	1257	82
2004	1257	76
2005	1258	79
2006	1258	77
2007	1259	77
2008	1259	84
2009	1260	77
2010	1260	82
2011	1261	77
2012	1261	81
2013	1261	82
2014	1262	77
2015	1262	82
2016	1263	77
2017	1263	82
2018	1264	79
2019	1264	78
2020	1264	75
2021	1265	79
2022	1265	78
2023	1265	75
2024	1266	79
2025	1266	77
2026	1266	83
2027	1266	82
2028	1266	74
2029	1267	79
2030	1267	77
2031	1267	83
2032	1267	82
2033	1267	74
2034	1268	83
2035	1269	79
2036	1270	79
2037	1271	79
2038	1271	77
2039	1271	83
2040	1272	79
2041	1273	79
2042	1274	79
2043	1274	77
2044	1274	83
2045	1275	77
2046	1275	83
2047	1275	78
2048	1276	77
2049	1277	79
2050	1277	77
2051	1277	83
2052	1277	74
2053	1278	79
2054	1278	78
2055	1279	79
2056	1279	77
2057	1281	77
2058	1282	79
2059	1283	77
2060	1284	83
2061	1285	78
2062	1285	75
2063	1287	79
2064	1287	83
2065	1287	74
2066	1288	77
2067	1289	79
2068	1290	79
2069	1290	78
2070	1291	83
2071	1292	79
2072	1292	83
2073	1293	79
2074	1294	79
2075	1294	74
2076	1295	83
2077	1296	79
2078	1297	79
2079	1298	77
2080	1299	79
2081	1299	78
2082	1299	75
2083	1300	79
2084	1301	79
2085	1301	77
2086	1302	79
2087	1302	78
2088	1303	79
2089	1304	83
2090	1305	79
2091	1306	79
2092	1306	82
2093	1306	85
2094	1306	78
2095	1307	77
2096	1308	79
2097	1309	82
2098	1310	79
2099	1311	79
2100	1312	79
2101	1312	77
2102	1312	82
2103	1312	84
2104	1313	77
2105	1314	79
2106	1314	85
2107	1315	77
2108	1316	79
2109	1317	79
2110	1318	79
2111	1318	77
2112	1318	83
2113	1318	81
2114	1318	74
2115	1319	83
2116	1320	79
2117	1320	78
2118	1321	79
2119	1321	82
2120	1321	80
2121	1322	79
2122	1322	78
2123	1322	80
2124	1323	77
2125	1323	84
2126	1325	79
2127	1325	82
2128	1326	79
2129	1326	81
2130	1327	77
2131	1327	83
2132	1328	83
2133	1328	74
2134	1329	77
2135	1329	83
2136	1330	79
2137	1332	79
2138	1332	77
2139	1332	83
2140	1333	83
2141	1333	74
2142	1334	79
2143	1335	77
2144	1335	81
2145	1335	82
2146	1336	79
2147	1336	74
2148	1337	79
2149	1338	77
2150	1338	83
2151	1339	79
2152	1340	77
2153	1341	79
2154	1341	74
2155	1342	83
2156	1342	86
2157	1343	79
2158	1343	74
2159	1344	79
2160	1345	77
2161	1345	83
2162	1346	83
2163	1347	83
2164	1348	83
2165	1348	82
2166	1348	74
2167	1349	83
2168	1350	83
2169	1351	79
2170	1351	83
2171	1351	78
2172	1352	77
2173	1352	83
2174	1352	74
2175	1353	83
2176	1354	83
2177	1355	79
2178	1356	79
2179	1356	77
2180	1357	77
2181	1357	83
2182	1358	77
2183	1358	83
2184	1359	80
2185	1360	77
2186	1360	84
2187	1361	79
2188	1362	83
2189	1362	74
2190	1363	78
2191	1364	79
2192	1365	77
2193	1365	81
2194	1366	79
2195	1366	77
2196	1366	82
2197	1367	79
2198	1367	77
2199	1367	83
2200	1368	79
2201	1369	78
2202	1370	79
2203	1372	79
2204	1372	77
2205	1372	83
2206	1373	79
2207	1374	77
2208	1374	82
2209	1375	79
2210	1375	77
2211	1376	79
2212	1377	77
2213	1378	79
2214	1378	83
2215	1379	79
2216	1379	77
2217	1379	83
2218	1379	74
2219	1380	79
2220	1381	79
2221	1381	77
2222	1381	83
2223	1381	74
2224	1382	79
2225	1383	77
2226	1383	83
2227	1383	82
2228	1384	79
2229	1384	81
2230	1385	79
2231	1385	83
2232	1386	84
2233	1387	79
2234	1387	81
2235	1388	79
2236	1389	79
2237	1390	74
2238	1391	79
2239	1391	81
2240	1392	79
2241	1392	77
2242	1393	79
2243	1393	82
2244	1393	84
2245	1394	77
2246	1395	79
2247	1395	77
2248	1395	83
2249	1396	79
2250	1396	82
2251	1397	83
2252	1397	82
2253	1398	79
2254	1399	79
2255	1399	82
2256	1399	78
2257	1400	84
2258	1401	77
2259	1402	79
2260	1402	81
2261	1403	77
2262	1403	83
2263	1403	74
2264	1404	77
2265	1404	83
2266	1405	84
2267	1406	77
2268	1406	82
2269	1407	79
2270	1408	79
2271	1408	82
2272	1411	79
2273	1411	77
2274	1411	78
2275	1413	77
2276	1413	82
2277	1414	83
2278	1415	79
2279	1415	78
2280	1416	79
2281	1417	77
2282	1418	79
2283	1419	79
2284	1419	77
2285	1419	83
2286	1421	79
2287	1421	82
2288	1421	78
2289	1422	79
2290	1423	79
2291	1424	79
2292	1425	79
2293	1426	79
2294	1426	77
2295	1426	86
2296	1427	79
2297	1428	84
2298	1429	79
2299	1429	78
2300	1429	75
2301	1430	79
2302	1430	78
2303	1430	75
2304	1431	79
2305	1431	78
2306	1431	75
2307	1432	79
2308	1432	82
2309	1432	78
2310	1432	75
2311	1433	79
2312	1433	78
2313	1433	75
2314	1434	79
2315	1434	82
2316	1434	78
2317	1434	75
2318	1435	79
2319	1435	82
2320	1436	79
2321	1437	84
2322	1438	77
2323	1438	83
2324	1438	74
2325	1439	77
2326	1439	83
2327	1440	79
2328	1441	79
2329	1441	82
2330	1441	78
2331	1442	77
2332	1443	77
2333	1444	77
2334	1444	84
2335	1445	77
2336	1445	84
2337	1446	84
2338	1447	77
2339	1448	77
2340	1448	83
2341	1450	79
2342	1450	78
2343	1451	79
2344	1451	83
2345	1452	77
2346	1454	79
2347	1455	79
2348	1456	79
2349	1457	79
2350	1458	77
2351	1458	83
2352	1459	79
2353	1460	79
2354	1461	79
2355	1462	79
2356	1463	79
2357	1463	81
2358	1464	79
2359	1465	79
2360	1466	79
2361	1467	79
2362	1468	79
2363	1469	79
2364	1469	81
2365	1470	79
2366	1471	79
2367	1472	79
2368	1472	78
2369	1473	79
2370	1473	77
2371	1474	79
2372	1475	79
2373	1476	79
2374	1476	83
2375	1477	79
2376	1477	83
2377	1478	79
2378	1479	83
2379	1480	79
2380	1480	77
2381	1481	79
2382	1481	82
2383	1481	78
2384	1482	84
2385	1483	77
2386	1483	84
2387	1484	77
2388	1484	84
2389	1485	84
2390	1486	84
2391	1487	77
2392	1487	84
2393	1488	77
2394	1488	84
2395	1489	77
2396	1489	81
2397	1490	84
2398	1491	82
2399	1492	77
2400	1492	83
2401	1492	78
2402	1493	77
2403	1493	82
2404	1493	86
2405	1494	77
2406	1494	82
2407	1494	86
2408	1495	77
2409	1496	77
2410	1496	86
2411	1497	77
2412	1498	77
2413	1498	83
2414	1498	74
2415	1499	77
2416	1499	74
2417	1499	86
2418	1500	79
2419	1500	77
2420	1500	83
2421	1501	79
2422	1502	77
2423	1502	74
2424	1504	79
2425	1504	78
2426	1505	79
2427	1505	81
2428	1506	79
2429	1506	82
\.


--
-- Name: tomatos_tomato_colors_id_seq; Type: SEQUENCE SET; Schema: public; Owner: django
--

SELECT pg_catalog.setval('tomatos_tomato_colors_id_seq', 2429, true);


--
-- Name: tomatos_tomato_id_seq; Type: SEQUENCE SET; Schema: public; Owner: django
--

SELECT pg_catalog.setval('tomatos_tomato_id_seq', 1506, true);


--
-- Data for Name: tomatos_tomato_types; Type: TABLE DATA; Schema: public; Owner: django
--

COPY tomatos_tomato_types (id, tomato_id, tomatotype_id) FROM stdin;
1428	1110	155
1429	1111	155
1430	1113	155
1431	1113	152
1432	1114	155
1433	1114	152
1434	1115	171
1435	1115	155
1436	1116	155
1437	1117	155
1438	1117	181
1439	1118	155
1440	1118	152
1441	1119	155
1442	1119	152
1443	1120	155
1444	1121	155
1445	1122	155
1446	1123	155
1447	1124	155
1448	1124	152
1449	1125	155
1450	1125	152
1451	1126	155
1452	1126	152
1453	1127	171
1454	1127	155
1455	1128	155
1456	1128	152
1457	1129	155
1458	1129	152
1459	1130	155
1460	1130	152
1461	1131	155
1462	1132	155
1463	1133	155
1464	1134	155
1465	1134	152
1466	1135	176
1467	1135	158
1468	1136	155
1469	1137	155
1470	1138	155
1471	1139	155
1472	1140	155
1473	1141	156
1474	1141	181
1475	1142	155
1476	1142	152
1477	1143	155
1478	1144	155
1479	1145	155
1480	1146	155
1481	1147	155
1482	1147	152
1483	1148	155
1484	1148	179
1485	1149	155
1486	1149	152
1487	1150	155
1488	1151	155
1489	1152	155
1490	1153	155
1491	1154	155
1492	1155	155
1493	1156	155
1494	1157	176
1495	1157	158
1496	1158	155
1497	1159	155
1498	1159	169
1499	1160	155
1500	1161	155
1501	1162	155
1502	1163	155
1503	1163	181
1504	1164	155
1505	1164	181
1506	1165	155
1507	1165	154
1508	1165	167
1509	1166	155
1510	1167	155
1511	1167	152
1512	1168	155
1513	1168	152
1514	1169	155
1515	1170	155
1516	1170	181
1517	1171	155
1518	1171	181
1519	1172	156
1520	1172	181
1521	1173	155
1522	1174	155
1523	1175	155
1524	1176	171
1525	1176	155
1526	1177	155
1527	1178	155
1528	1178	154
1529	1179	155
1530	1180	155
1531	1182	155
1532	1183	155
1533	1184	155
1534	1184	164
1535	1184	152
1536	1185	155
1537	1185	157
1538	1185	152
1539	1186	155
1540	1187	155
1541	1188	155
1542	1189	155
1543	1190	155
1544	1191	155
1545	1192	155
1546	1192	169
1547	1193	155
1548	1193	152
1549	1194	161
1550	1194	176
1551	1195	155
1552	1195	152
1553	1196	155
1554	1197	155
1555	1197	152
1556	1198	155
1557	1199	155
1558	1199	152
1559	1200	155
1560	1200	152
1561	1201	155
1562	1202	155
1563	1202	152
1564	1203	155
1565	1204	155
1566	1205	155
1567	1206	155
1568	1206	152
1569	1207	155
1570	1207	152
1571	1208	155
1572	1209	155
1573	1210	155
1574	1210	152
1575	1211	155
1576	1212	155
1577	1213	155
1578	1213	152
1579	1214	155
1580	1214	181
1581	1215	155
1582	1215	152
1583	1216	155
1584	1216	152
1585	1217	155
1586	1218	155
1587	1219	155
1588	1220	155
1589	1221	155
1590	1221	152
1591	1222	155
1592	1223	155
1593	1223	179
1594	1224	171
1595	1224	155
1596	1225	155
1597	1226	155
1598	1226	154
1599	1227	155
1600	1227	181
1601	1228	155
1602	1228	181
1603	1229	156
1604	1229	155
1605	1229	171
1606	1230	156
1607	1230	155
1608	1230	171
1609	1231	155
1610	1231	181
1611	1232	155
1612	1233	155
1613	1233	170
1614	1234	155
1615	1235	155
1616	1235	152
1617	1236	155
1618	1237	155
1619	1238	155
1620	1239	155
1621	1239	152
1622	1240	155
1623	1240	170
1624	1241	156
1625	1241	155
1626	1241	166
1627	1242	155
1628	1242	181
1629	1243	155
1630	1244	155
1631	1245	155
1632	1245	170
1633	1246	155
1634	1247	155
1635	1248	155
1636	1248	168
1637	1249	155
1638	1249	152
1639	1250	155
1640	1250	152
1641	1251	155
1642	1252	176
1643	1253	155
1644	1253	153
1645	1254	176
1646	1254	158
1647	1255	155
1648	1255	152
1649	1256	155
1650	1256	152
1651	1257	155
1652	1258	155
1653	1259	155
1654	1259	152
1655	1260	155
1656	1261	155
1657	1261	152
1658	1262	155
1659	1262	152
1660	1263	155
1661	1264	155
1662	1265	155
1663	1266	155
1664	1267	155
1665	1268	155
1666	1268	179
1667	1269	176
1668	1270	155
1669	1271	155
1670	1271	152
1671	1272	155
1672	1273	155
1673	1274	155
1674	1274	152
1675	1275	155
1676	1276	155
1677	1276	153
1678	1277	176
1679	1278	155
1680	1278	169
1681	1279	155
1682	1279	159
1683	1280	156
1684	1280	155
1685	1281	155
1686	1282	155
1687	1283	155
1688	1284	155
1689	1285	155
1690	1286	155
1691	1287	155
1692	1288	155
1693	1289	156
1694	1289	155
1695	1291	154
1696	1292	155
1697	1292	152
1698	1293	155
1699	1294	155
1700	1294	152
1701	1295	155
1702	1295	152
1703	1296	155
1704	1298	155
1705	1299	155
1706	1300	155
1707	1301	155
1708	1302	155
1709	1303	155
1710	1303	154
1711	1304	155
1712	1305	155
1713	1306	155
1714	1306	152
1715	1307	155
1716	1307	173
1717	1307	152
1718	1308	155
1719	1309	155
1720	1309	152
1721	1310	155
1722	1310	152
1723	1311	155
1724	1311	152
1725	1312	155
1726	1313	155
1727	1314	155
1728	1315	155
1729	1316	152
1730	1317	152
1731	1318	155
1732	1319	155
1733	1320	155
1734	1322	155
1735	1323	155
1736	1323	152
1737	1324	155
1738	1325	155
1739	1326	155
1740	1327	155
1741	1328	155
1742	1328	152
1743	1329	155
1744	1330	155
1745	1331	155
1746	1332	155
1747	1332	152
1748	1333	155
1749	1334	155
1750	1334	152
1751	1335	155
1752	1335	152
1753	1336	155
1754	1337	155
1755	1338	155
1756	1338	152
1757	1339	155
1758	1339	152
1759	1340	155
1760	1341	155
1761	1342	155
1762	1343	155
1763	1344	155
1764	1344	163
1765	1345	155
1766	1346	155
1767	1346	181
1768	1347	155
1769	1348	155
1770	1348	165
1771	1349	155
1772	1350	155
1773	1351	156
1774	1351	155
1775	1351	171
1776	1351	180
1777	1352	155
1778	1353	155
1779	1353	165
1780	1354	155
1781	1355	155
1782	1356	155
1783	1358	166
1784	1359	155
1785	1360	166
1786	1360	181
1787	1361	156
1788	1361	155
1789	1361	181
1790	1361	166
1791	1362	181
1792	1363	155
1793	1363	175
1794	1364	152
1795	1365	155
1796	1367	170
1797	1368	155
1798	1368	152
1799	1369	155
1800	1370	155
1801	1372	155
1802	1373	155
1803	1374	155
1804	1375	155
1805	1376	155
1806	1377	155
1807	1378	155
1808	1378	152
1809	1379	155
1810	1379	152
1811	1380	155
1812	1381	155
1813	1381	181
1814	1381	152
1815	1382	155
1816	1382	152
1817	1383	155
1818	1383	152
1819	1384	155
1820	1385	155
1821	1385	170
1822	1386	155
1823	1387	155
1824	1388	176
1825	1388	158
1826	1389	166
1827	1389	155
1828	1390	155
1829	1390	165
1830	1391	155
1831	1392	155
1832	1393	155
1833	1394	165
1834	1395	155
1835	1396	167
1836	1396	154
1837	1397	181
1838	1398	155
1839	1399	171
1840	1400	155
1841	1401	155
1842	1403	155
1843	1404	155
1844	1405	177
1845	1406	177
1846	1407	155
1847	1408	155
1848	1409	155
1849	1409	181
1850	1410	155
1851	1411	155
1852	1412	155
1853	1414	155
1854	1415	155
1855	1416	172
1856	1417	172
1857	1418	155
1858	1419	152
1859	1421	155
1860	1422	176
1861	1423	155
1862	1424	156
1863	1425	155
1864	1426	155
1865	1427	171
1866	1427	155
1867	1428	171
1868	1428	155
1869	1429	155
1870	1431	152
1871	1432	152
1872	1433	155
1873	1433	152
1874	1434	152
1875	1435	155
1876	1435	162
1877	1439	152
1878	1440	155
1879	1441	152
1880	1442	155
1881	1443	178
1882	1443	160
1883	1444	155
1884	1445	155
1885	1445	152
1886	1446	155
1887	1447	178
1888	1447	160
1889	1448	165
1890	1449	155
1891	1449	152
1892	1450	155
1893	1451	181
1894	1452	181
1895	1454	153
1896	1455	155
1897	1456	155
1898	1457	155
1899	1458	152
1900	1459	155
1901	1459	152
1902	1460	156
1903	1460	171
1904	1460	166
1905	1462	163
1906	1463	152
1907	1464	155
1908	1465	155
1909	1465	181
1910	1466	181
1911	1467	152
1912	1468	181
1913	1469	155
1914	1470	155
1915	1471	155
1916	1473	181
1917	1474	155
1918	1475	176
1919	1476	171
1920	1477	155
1921	1478	155
1922	1479	152
1923	1480	152
1924	1481	155
1925	1481	152
1926	1482	155
1927	1482	175
1928	1483	155
1929	1484	155
1930	1484	152
1931	1485	174
1932	1486	181
1933	1487	152
1934	1488	155
1935	1489	152
1936	1490	152
1937	1491	155
1938	1492	155
1939	1495	165
1940	1497	155
1941	1499	155
1942	1500	170
1943	1501	155
1944	1501	152
1945	1502	155
1946	1503	152
1947	1504	182
1948	1504	181
1949	1505	155
1950	1505	152
1951	1506	152
\.


--
-- Name: tomatos_tomato_types_id_seq; Type: SEQUENCE SET; Schema: public; Owner: django
--

SELECT pg_catalog.setval('tomatos_tomato_types_id_seq', 1951, true);


--
-- Data for Name: tomatos_tomatocolor; Type: TABLE DATA; Schema: public; Owner: django
--

COPY tomatos_tomatocolor (id, name) FROM stdin;
73	blau
74	gold
75	schwarz
76	bronze
77	gelb
78	braun
79	rot
80	purpur
81	rosa
82	grün
83	orange
84	weiß
85	lila
86	ocker
\.


--
-- Name: tomatos_tomatocolor_id_seq; Type: SEQUENCE SET; Schema: public; Owner: django
--

SELECT pg_catalog.setval('tomatos_tomatocolor_id_seq', 86, true);


--
-- Data for Name: tomatos_tomatotype; Type: TABLE DATA; Schema: public; Owner: django
--

COPY tomatos_tomatotype (id, name) FROM stdin;
152	Fleischtomate
153	Cocktailtomate
154	Paprikatomate
155	Stabtomate
156	Spaliertomate
157	Riesentomate
158	Ampeltomate
159	Kirschstabtomate
160	Pflaumentomate
161	Stocktomate
162	Minitomate
163	Marktomate
164	Kochtomate
165	Flaschentomate
166	Johannisbeertomate
167	Fülltomate
168	Lagertomate
169	Ketschuptomate
170	Riesenfleischtomate
171	Wildtomate
172	Balkontomate
173	Delikatesstomate
174	Ochsenherztomate
175	Pfirsichtomate
176	Buschtomate
177	Cherrytomate
178	Naschtomate
179	Kirschtomate
180	Kulturtomate
181	Obsttomate
182	Zuckertomate
\.


--
-- Name: tomatos_tomatotype_id_seq; Type: SEQUENCE SET; Schema: public; Owner: django
--

SELECT pg_catalog.setval('tomatos_tomatotype_id_seq', 182, true);


--
-- Name: auth_group auth_group_name_key; Type: CONSTRAINT; Schema: public; Owner: django
--

ALTER TABLE ONLY auth_group
    ADD CONSTRAINT auth_group_name_key UNIQUE (name);


--
-- Name: auth_group_permissions auth_group_permissions_group_id_permission_id_0cd325b0_uniq; Type: CONSTRAINT; Schema: public; Owner: django
--

ALTER TABLE ONLY auth_group_permissions
    ADD CONSTRAINT auth_group_permissions_group_id_permission_id_0cd325b0_uniq UNIQUE (group_id, permission_id);


--
-- Name: auth_group_permissions auth_group_permissions_pkey; Type: CONSTRAINT; Schema: public; Owner: django
--

ALTER TABLE ONLY auth_group_permissions
    ADD CONSTRAINT auth_group_permissions_pkey PRIMARY KEY (id);


--
-- Name: auth_group auth_group_pkey; Type: CONSTRAINT; Schema: public; Owner: django
--

ALTER TABLE ONLY auth_group
    ADD CONSTRAINT auth_group_pkey PRIMARY KEY (id);


--
-- Name: auth_permission auth_permission_content_type_id_codename_01ab375a_uniq; Type: CONSTRAINT; Schema: public; Owner: django
--

ALTER TABLE ONLY auth_permission
    ADD CONSTRAINT auth_permission_content_type_id_codename_01ab375a_uniq UNIQUE (content_type_id, codename);


--
-- Name: auth_permission auth_permission_pkey; Type: CONSTRAINT; Schema: public; Owner: django
--

ALTER TABLE ONLY auth_permission
    ADD CONSTRAINT auth_permission_pkey PRIMARY KEY (id);


--
-- Name: auth_user_groups auth_user_groups_pkey; Type: CONSTRAINT; Schema: public; Owner: django
--

ALTER TABLE ONLY auth_user_groups
    ADD CONSTRAINT auth_user_groups_pkey PRIMARY KEY (id);


--
-- Name: auth_user_groups auth_user_groups_user_id_group_id_94350c0c_uniq; Type: CONSTRAINT; Schema: public; Owner: django
--

ALTER TABLE ONLY auth_user_groups
    ADD CONSTRAINT auth_user_groups_user_id_group_id_94350c0c_uniq UNIQUE (user_id, group_id);


--
-- Name: auth_user auth_user_pkey; Type: CONSTRAINT; Schema: public; Owner: django
--

ALTER TABLE ONLY auth_user
    ADD CONSTRAINT auth_user_pkey PRIMARY KEY (id);


--
-- Name: auth_user_user_permissions auth_user_user_permissions_pkey; Type: CONSTRAINT; Schema: public; Owner: django
--

ALTER TABLE ONLY auth_user_user_permissions
    ADD CONSTRAINT auth_user_user_permissions_pkey PRIMARY KEY (id);


--
-- Name: auth_user_user_permissions auth_user_user_permissions_user_id_permission_id_14a6b632_uniq; Type: CONSTRAINT; Schema: public; Owner: django
--

ALTER TABLE ONLY auth_user_user_permissions
    ADD CONSTRAINT auth_user_user_permissions_user_id_permission_id_14a6b632_uniq UNIQUE (user_id, permission_id);


--
-- Name: auth_user auth_user_username_key; Type: CONSTRAINT; Schema: public; Owner: django
--

ALTER TABLE ONLY auth_user
    ADD CONSTRAINT auth_user_username_key UNIQUE (username);


--
-- Name: django_admin_log django_admin_log_pkey; Type: CONSTRAINT; Schema: public; Owner: django
--

ALTER TABLE ONLY django_admin_log
    ADD CONSTRAINT django_admin_log_pkey PRIMARY KEY (id);


--
-- Name: django_content_type django_content_type_app_label_model_76bd3d3b_uniq; Type: CONSTRAINT; Schema: public; Owner: django
--

ALTER TABLE ONLY django_content_type
    ADD CONSTRAINT django_content_type_app_label_model_76bd3d3b_uniq UNIQUE (app_label, model);


--
-- Name: django_content_type django_content_type_pkey; Type: CONSTRAINT; Schema: public; Owner: django
--

ALTER TABLE ONLY django_content_type
    ADD CONSTRAINT django_content_type_pkey PRIMARY KEY (id);


--
-- Name: django_migrations django_migrations_pkey; Type: CONSTRAINT; Schema: public; Owner: django
--

ALTER TABLE ONLY django_migrations
    ADD CONSTRAINT django_migrations_pkey PRIMARY KEY (id);


--
-- Name: django_session django_session_pkey; Type: CONSTRAINT; Schema: public; Owner: django
--

ALTER TABLE ONLY django_session
    ADD CONSTRAINT django_session_pkey PRIMARY KEY (session_key);


--
-- Name: tomatos_tomato_colors tomatos_tomato_colors_pkey; Type: CONSTRAINT; Schema: public; Owner: django
--

ALTER TABLE ONLY tomatos_tomato_colors
    ADD CONSTRAINT tomatos_tomato_colors_pkey PRIMARY KEY (id);


--
-- Name: tomatos_tomato tomatos_tomato_pkey; Type: CONSTRAINT; Schema: public; Owner: django
--

ALTER TABLE ONLY tomatos_tomato
    ADD CONSTRAINT tomatos_tomato_pkey PRIMARY KEY (id);


--
-- Name: tomatos_tomato_types tomatos_tomato_types_pkey; Type: CONSTRAINT; Schema: public; Owner: django
--

ALTER TABLE ONLY tomatos_tomato_types
    ADD CONSTRAINT tomatos_tomato_types_pkey PRIMARY KEY (id);


--
-- Name: tomatos_tomatocolor tomatos_tomatocolor_pkey; Type: CONSTRAINT; Schema: public; Owner: django
--

ALTER TABLE ONLY tomatos_tomatocolor
    ADD CONSTRAINT tomatos_tomatocolor_pkey PRIMARY KEY (id);


--
-- Name: tomatos_tomatotype tomatos_tomatotype_pkey; Type: CONSTRAINT; Schema: public; Owner: django
--

ALTER TABLE ONLY tomatos_tomatotype
    ADD CONSTRAINT tomatos_tomatotype_pkey PRIMARY KEY (id);


--
-- Name: auth_group_name_a6ea08ec_like; Type: INDEX; Schema: public; Owner: django
--

CREATE INDEX auth_group_name_a6ea08ec_like ON auth_group USING btree (name varchar_pattern_ops);


--
-- Name: auth_group_permissions_group_id_b120cbf9; Type: INDEX; Schema: public; Owner: django
--

CREATE INDEX auth_group_permissions_group_id_b120cbf9 ON auth_group_permissions USING btree (group_id);


--
-- Name: auth_group_permissions_permission_id_84c5c92e; Type: INDEX; Schema: public; Owner: django
--

CREATE INDEX auth_group_permissions_permission_id_84c5c92e ON auth_group_permissions USING btree (permission_id);


--
-- Name: auth_permission_content_type_id_2f476e4b; Type: INDEX; Schema: public; Owner: django
--

CREATE INDEX auth_permission_content_type_id_2f476e4b ON auth_permission USING btree (content_type_id);


--
-- Name: auth_user_groups_group_id_97559544; Type: INDEX; Schema: public; Owner: django
--

CREATE INDEX auth_user_groups_group_id_97559544 ON auth_user_groups USING btree (group_id);


--
-- Name: auth_user_groups_user_id_6a12ed8b; Type: INDEX; Schema: public; Owner: django
--

CREATE INDEX auth_user_groups_user_id_6a12ed8b ON auth_user_groups USING btree (user_id);


--
-- Name: auth_user_user_permissions_permission_id_1fbb5f2c; Type: INDEX; Schema: public; Owner: django
--

CREATE INDEX auth_user_user_permissions_permission_id_1fbb5f2c ON auth_user_user_permissions USING btree (permission_id);


--
-- Name: auth_user_user_permissions_user_id_a95ead1b; Type: INDEX; Schema: public; Owner: django
--

CREATE INDEX auth_user_user_permissions_user_id_a95ead1b ON auth_user_user_permissions USING btree (user_id);


--
-- Name: auth_user_username_6821ab7c_like; Type: INDEX; Schema: public; Owner: django
--

CREATE INDEX auth_user_username_6821ab7c_like ON auth_user USING btree (username varchar_pattern_ops);


--
-- Name: django_admin_log_content_type_id_c4bce8eb; Type: INDEX; Schema: public; Owner: django
--

CREATE INDEX django_admin_log_content_type_id_c4bce8eb ON django_admin_log USING btree (content_type_id);


--
-- Name: django_admin_log_user_id_c564eba6; Type: INDEX; Schema: public; Owner: django
--

CREATE INDEX django_admin_log_user_id_c564eba6 ON django_admin_log USING btree (user_id);


--
-- Name: django_session_expire_date_a5c62663; Type: INDEX; Schema: public; Owner: django
--

CREATE INDEX django_session_expire_date_a5c62663 ON django_session USING btree (expire_date);


--
-- Name: django_session_session_key_c0390e0f_like; Type: INDEX; Schema: public; Owner: django
--

CREATE INDEX django_session_session_key_c0390e0f_like ON django_session USING btree (session_key varchar_pattern_ops);


--
-- Name: auth_group_permissions auth_group_permissio_permission_id_84c5c92e_fk_auth_perm; Type: FK CONSTRAINT; Schema: public; Owner: django
--

ALTER TABLE ONLY auth_group_permissions
    ADD CONSTRAINT auth_group_permissio_permission_id_84c5c92e_fk_auth_perm FOREIGN KEY (permission_id) REFERENCES auth_permission(id) DEFERRABLE INITIALLY DEFERRED;


--
-- Name: auth_group_permissions auth_group_permissions_group_id_b120cbf9_fk_auth_group_id; Type: FK CONSTRAINT; Schema: public; Owner: django
--

ALTER TABLE ONLY auth_group_permissions
    ADD CONSTRAINT auth_group_permissions_group_id_b120cbf9_fk_auth_group_id FOREIGN KEY (group_id) REFERENCES auth_group(id) DEFERRABLE INITIALLY DEFERRED;


--
-- Name: auth_permission auth_permission_content_type_id_2f476e4b_fk_django_co; Type: FK CONSTRAINT; Schema: public; Owner: django
--

ALTER TABLE ONLY auth_permission
    ADD CONSTRAINT auth_permission_content_type_id_2f476e4b_fk_django_co FOREIGN KEY (content_type_id) REFERENCES django_content_type(id) DEFERRABLE INITIALLY DEFERRED;


--
-- Name: auth_user_groups auth_user_groups_group_id_97559544_fk_auth_group_id; Type: FK CONSTRAINT; Schema: public; Owner: django
--

ALTER TABLE ONLY auth_user_groups
    ADD CONSTRAINT auth_user_groups_group_id_97559544_fk_auth_group_id FOREIGN KEY (group_id) REFERENCES auth_group(id) DEFERRABLE INITIALLY DEFERRED;


--
-- Name: auth_user_groups auth_user_groups_user_id_6a12ed8b_fk_auth_user_id; Type: FK CONSTRAINT; Schema: public; Owner: django
--

ALTER TABLE ONLY auth_user_groups
    ADD CONSTRAINT auth_user_groups_user_id_6a12ed8b_fk_auth_user_id FOREIGN KEY (user_id) REFERENCES auth_user(id) DEFERRABLE INITIALLY DEFERRED;


--
-- Name: auth_user_user_permissions auth_user_user_permi_permission_id_1fbb5f2c_fk_auth_perm; Type: FK CONSTRAINT; Schema: public; Owner: django
--

ALTER TABLE ONLY auth_user_user_permissions
    ADD CONSTRAINT auth_user_user_permi_permission_id_1fbb5f2c_fk_auth_perm FOREIGN KEY (permission_id) REFERENCES auth_permission(id) DEFERRABLE INITIALLY DEFERRED;


--
-- Name: auth_user_user_permissions auth_user_user_permissions_user_id_a95ead1b_fk_auth_user_id; Type: FK CONSTRAINT; Schema: public; Owner: django
--

ALTER TABLE ONLY auth_user_user_permissions
    ADD CONSTRAINT auth_user_user_permissions_user_id_a95ead1b_fk_auth_user_id FOREIGN KEY (user_id) REFERENCES auth_user(id) DEFERRABLE INITIALLY DEFERRED;


--
-- Name: django_admin_log django_admin_log_content_type_id_c4bce8eb_fk_django_co; Type: FK CONSTRAINT; Schema: public; Owner: django
--

ALTER TABLE ONLY django_admin_log
    ADD CONSTRAINT django_admin_log_content_type_id_c4bce8eb_fk_django_co FOREIGN KEY (content_type_id) REFERENCES django_content_type(id) DEFERRABLE INITIALLY DEFERRED;


--
-- Name: django_admin_log django_admin_log_user_id_c564eba6_fk_auth_user_id; Type: FK CONSTRAINT; Schema: public; Owner: django
--

ALTER TABLE ONLY django_admin_log
    ADD CONSTRAINT django_admin_log_user_id_c564eba6_fk_auth_user_id FOREIGN KEY (user_id) REFERENCES auth_user(id) DEFERRABLE INITIALLY DEFERRED;


--
-- Name: tomatos_tomato_colors tomatos_tomato_colors_tomato_id_fkey; Type: FK CONSTRAINT; Schema: public; Owner: django
--

ALTER TABLE ONLY tomatos_tomato_colors
    ADD CONSTRAINT tomatos_tomato_colors_tomato_id_fkey FOREIGN KEY (tomato_id) REFERENCES tomatos_tomato(id);


--
-- Name: tomatos_tomato_colors tomatos_tomato_colors_tomatocolor_id_fkey; Type: FK CONSTRAINT; Schema: public; Owner: django
--

ALTER TABLE ONLY tomatos_tomato_colors
    ADD CONSTRAINT tomatos_tomato_colors_tomatocolor_id_fkey FOREIGN KEY (tomatocolor_id) REFERENCES tomatos_tomatocolor(id);


--
-- Name: tomatos_tomato_types tomatos_tomato_types_tomato_id_fkey; Type: FK CONSTRAINT; Schema: public; Owner: django
--

ALTER TABLE ONLY tomatos_tomato_types
    ADD CONSTRAINT tomatos_tomato_types_tomato_id_fkey FOREIGN KEY (tomato_id) REFERENCES tomatos_tomato(id);


--
-- Name: tomatos_tomato_types tomatos_tomato_types_tomatotype_id_fkey; Type: FK CONSTRAINT; Schema: public; Owner: django
--

ALTER TABLE ONLY tomatos_tomato_types
    ADD CONSTRAINT tomatos_tomato_types_tomatotype_id_fkey FOREIGN KEY (tomatotype_id) REFERENCES tomatos_tomatotype(id);


--
-- PostgreSQL database dump complete
--

